vertebra,s_in_sample,pitch_to_next_mm,length,height,half_width,waist_ratio,arch_front_x,arch_front_z,arch_back_x,arch_back_z,spine_tip_x,spine_tip_z,arch_front_foot_x,arch_front_foot_y,arch_front_foot_z,arch_back_foot_x,arch_back_foot_y,arch_back_foot_z,side_attachment_x,side_attachment_y,side_attachment_z
2,0.0,2.2015081712035482,2.178127594576646,1.2530464102070582,0.7034779939760883,0.4787503199919253,0.2695148810915839,2.0828314034492057,0.37492110990740374,2.07760433529424,1.8499370823808632,3.9373166871205916,-0.8833855617872386,0.565440013818467,0.5332475673009504,0.6751615777106025,0.5180301670998073,0.6642785024563752,-0.4125475609948286,0.7083482522292791,0.6264474543696846
3,0.08939622215919296,2.2817070352247346,2.2076762810175024,1.2271460808382844,0.664865463617557,0.4501583382499401,0.7435916495775496,2.047608070262553,0.8726088725960459,1.994413404409613,2.6756176565873977,3.230082019528619,-0.8615208829711343,0.5081607981456602,0.5621431112551898,0.7187653807743871,0.5036279632216554,0.6910081489235632,-0.7278689228191656,0.7072007283523859,0.3082608008910413
4,0.1820490642840676,2.346347452564163,2.2257871235396727,1.255069734409469,0.6517718945315965,0.36794438401542096,0.8005232152428968,1.9887936650770446,0.9018112305755216,1.9565194027524002,3.4746862142897847,3.7010777930552257,-0.9173658193836247,0.4895476605145089,0.5517686740850953,0.6935124496956382,0.5789369712135534,0.7973389037164399,-0.8620954415449489,0.7120826527494482,0.15493024030906186
5,0.277326747499484,2.4510988749664024,2.3095827532247544,1.2525749798527754,0.6421230860630729,0.40878358745247645,0.8101665937784444,1.962357349998891,0.8830183558582737,1.9509815537435522,2.8413142108888816,3.748436420143213,-0.9252256590956753,0.5528949300804384,0.5157855803566883,0.8798302398171821,0.582128399156918,0.895709378094005,-0.8816333038789472,0.6821418543619306,0.033166085908232695
6,0.3768580517330058,2.483657742194108,2.4013023285937956,1.2592604890983154,0.6363057921370135,0.3827344308836735,0.7617028499707823,1.992286016226613,0.8575893983807303,1.9987767619571337,3.180502901232107,3.9783854412132866,-1.0276338848068185,0.5036017782171205,0.5234348328499492,0.8375091462905051,0.5421199827936444,0.8429213063406714,-0.9280270305655334,0.5846978328184576,-0.11822267128017659
7,0.47771146767431577,2.545427574488579,2.4238606061506505,1.2714525766379514,0.6476557910129597,0.38427790781140747,0.7568996161187979,1.94814637305253,0.8523717254999981,1.9364616679507922,3.2226480842681786,4.272800615274398,-1.0312851082654761,0.39966120419568896,0.5444375215616707,0.6102943006626687,0.35008243440367853,1.0959824328048835,-0.8887158404725574,0.5725238854978184,-0.2169963071491893
8,0.5810731594070864,2.6040974224731532,2.4469226512262794,1.3140246218305651,0.6523742874939774,0.41141419770981086,0.6931517999947726,1.8749412422508274,0.7755924132325079,1.860793224475685,2.7176202404572596,3.808060203477402,-1.01964569603467,0.44333840368195476,0.5561723570337875,0.8490667188121716,0.4316871686717979,0.8144549547586863,-0.8259845254772287,0.6196722427449339,-0.20245041643988237
9,0.686817246460065,2.618887573333225,2.520586068564314,1.3671019090136372,0.6532482136090243,0.39450945161113843,0.5844527847686077,1.9203599134734852,0.7009326743504578,1.908077438718567,2.7710865027140934,4.0535942651922525,-0.9488526044943805,0.4185109745499861,0.5635565367690061,0.8156295280286691,0.4157435823086505,0.9161577362144165,-0.969424031315975,0.43415170642257833,-0.4410619692617723
10,0.7931619143463785,2.486125740398138,2.5979146869890197,1.4003936394311876,0.6677098625797432,0.388186314176717,0.3916748067883377,1.8413032682775141,0.47452135025858333,1.8162084353014734,2.4772008847615603,4.486799112596134,-0.9645153386327759,0.4435284700610993,0.5928363513032703,0.40597056669047255,0.3964388834943927,1.0826227465884313,-1.0244229124576143,0.3328488990164281,-0.6243282527853833
11,0.8941155478197521,2.6075541118854297,2.4735847024688784,1.4271777532390624,0.6997675646981352,0.3663062811894534,0.33096288728605544,1.8597236018981314,0.46544956985884683,1.9012295659456335,2.738882002550006,4.415484558062595,-0.8375169215982632,0.4194674500472927,0.5546292234483853,0.49969221938519365,0.2281139302191123,0.9427590294187729,-0.9271862557028737,0.2575047359160038,-0.7227305275286064
12,1.0,,2.561587074285058,1.4556181119315865,0.7132691834071672,0.44227038157776843,0.26701297374303584,1.7807171970589555,0.3239459819610988,1.7983864785571335,2.66064405774161,4.463486183683385,-0.9977793810493925,0.42398306447231604,0.6085004598051067,0.15423766319465723,0.3758354059342785,1.0087499181215647,-1.160237592423428,0.43606674711465576,-0.6610275595056916
