time_utc,source_time_index,sea_level_mm_relative_reference_datum,quality,longitude,latitude,record_id,uhslc_id,version,gloss_id,ssc_id,reference_datum
1997-11-26T16:00:00Z,200776,2360,4,121.281700,28.088301,6321,632,A,94,kanm,station zero
1997-11-26T17:00:00Z,200777,2180,4,121.281700,28.088301,6321,632,A,94,kanm,station zero
1997-11-26T18:00:00Z,200778,2430,4,121.281700,28.088301,6321,632,A,94,kanm,station zero
1997-11-26T19:00:00Z,200779,3130,4,121.281700,28.088301,6321,632,A,94,kanm,station zero
1997-11-26T20:00:00Z,200780,3990,4,121.281700,28.088301,6321,632,A,94,kanm,station zero
1997-11-26T21:00:00Z,200781,4870,4,121.281700,28.088301,6321,632,A,94,kanm,station zero
1997-11-26T22:00:00Z,200782,5520,4,121.281700,28.088301,6321,632,A,94,kanm,station zero
1997-11-26T23:00:00Z,200783,5890,4,121.281700,28.088301,6321,632,A,94,kanm,station zero
1997-11-27T00:00:00Z,200784,5830,4,121.281700,28.088301,6321,632,A,94,kanm,station zero
1997-11-27T01:00:00Z,200785,5320,4,121.281700,28.088301,6321,632,A,94,kanm,station zero
1997-11-27T02:00:00Z,200786,4560,4,121.281700,28.088301,6321,632,A,94,kanm,station zero
1997-11-27T03:00:00Z,200787,3560,4,121.281700,28.088301,6321,632,A,94,kanm,station zero
1997-11-27T04:00:00Z,200788,2750,4,121.281700,28.088301,6321,632,A,94,kanm,station zero
1997-11-27T05:00:00Z,200789,2270,4,121.281700,28.088301,6321,632,A,94,kanm,station zero
1997-11-27T06:00:00Z,200790,2480,4,121.281700,28.088301,6321,632,A,94,kanm,station zero
1997-11-27T07:00:00Z,200791,2920,4,121.281700,28.088301,6321,632,A,94,kanm,station zero
1997-11-27T08:00:00Z,200792,3770,4,121.281700,28.088301,6321,632,A,94,kanm,station zero
1997-11-27T09:00:00Z,200793,4630,4,121.281700,28.088301,6321,632,A,94,kanm,station zero
1997-11-27T10:00:00Z,200794,5400,4,121.281700,28.088301,6321,632,A,94,kanm,station zero
1997-11-27T11:00:00Z,200795,5770,4,121.281700,28.088301,6321,632,A,94,kanm,station zero
1997-11-27T12:00:00Z,200796,5650,4,121.281700,28.088301,6321,632,A,94,kanm,station zero
1997-11-27T13:00:00Z,200797,5130,4,121.281700,28.088301,6321,632,A,94,kanm,station zero
1997-11-27T14:00:00Z,200798,4270,4,121.281700,28.088301,6321,632,A,94,kanm,station zero
1997-11-27T15:00:00Z,200799,3210,4,121.281700,28.088301,6321,632,A,94,kanm,station zero
1997-11-27T16:00:00Z,200800,2240,4,121.281700,28.088301,6321,632,A,94,kanm,station zero
1997-11-27T17:00:00Z,200801,1660,4,121.281700,28.088301,6321,632,A,94,kanm,station zero
1997-11-27T18:00:00Z,200802,1630,4,121.281700,28.088301,6321,632,A,94,kanm,station zero
1997-11-27T19:00:00Z,200803,2110,4,121.281700,28.088301,6321,632,A,94,kanm,station zero
1997-11-27T20:00:00Z,200804,2950,4,121.281700,28.088301,6321,632,A,94,kanm,station zero
1997-11-27T21:00:00Z,200805,3940,4,121.281700,28.088301,6321,632,A,94,kanm,station zero
1997-11-27T22:00:00Z,200806,4970,4,121.281700,28.088301,6321,632,A,94,kanm,station zero
1997-11-27T23:00:00Z,200807,5780,4,121.281700,28.088301,6321,632,A,94,kanm,station zero
1997-11-28T00:00:00Z,200808,6000,4,121.281700,28.088301,6321,632,A,94,kanm,station zero
1997-11-28T01:00:00Z,200809,5790,4,121.281700,28.088301,6321,632,A,94,kanm,station zero
1997-11-28T02:00:00Z,200810,4980,4,121.281700,28.088301,6321,632,A,94,kanm,station zero
1997-11-28T03:00:00Z,200811,4030,4,121.281700,28.088301,6321,632,A,94,kanm,station zero
1997-11-28T04:00:00Z,200812,3000,4,121.281700,28.088301,6321,632,A,94,kanm,station zero
1997-11-28T05:00:00Z,200813,2180,4,121.281700,28.088301,6321,632,A,94,kanm,station zero
1997-11-28T06:00:00Z,200814,1990,4,121.281700,28.088301,6321,632,A,94,kanm,station zero
1997-11-28T07:00:00Z,200815,2410,4,121.281700,28.088301,6321,632,A,94,kanm,station zero
1997-11-28T08:00:00Z,200816,3130,4,121.281700,28.088301,6321,632,A,94,kanm,station zero
1997-11-28T09:00:00Z,200817,4160,4,121.281700,28.088301,6321,632,A,94,kanm,station zero
1997-11-28T10:00:00Z,200818,5110,4,121.281700,28.088301,6321,632,A,94,kanm,station zero
1997-11-28T11:00:00Z,200819,5810,4,121.281700,28.088301,6321,632,A,94,kanm,station zero
1997-11-28T12:00:00Z,200820,5960,4,121.281700,28.088301,6321,632,A,94,kanm,station zero
1997-11-28T13:00:00Z,200821,5700,4,121.281700,28.088301,6321,632,A,94,kanm,station zero
1997-11-28T14:00:00Z,200822,4940,4,121.281700,28.088301,6321,632,A,94,kanm,station zero
1997-11-28T15:00:00Z,200823,3910,4,121.281700,28.088301,6321,632,A,94,kanm,station zero
1997-11-28T16:00:00Z,200824,2780,4,121.281700,28.088301,6321,632,A,94,kanm,station zero
1997-11-28T17:00:00Z,200825,1920,4,121.281700,28.088301,6321,632,A,94,kanm,station zero
1997-11-28T18:00:00Z,200826,1460,4,121.281700,28.088301,6321,632,A,94,kanm,station zero
1997-11-28T19:00:00Z,200827,1800,4,121.281700,28.088301,6321,632,A,94,kanm,station zero
1997-11-28T20:00:00Z,200828,2580,4,121.281700,28.088301,6321,632,A,94,kanm,station zero
1997-11-28T21:00:00Z,200829,3690,4,121.281700,28.088301,6321,632,A,94,kanm,station zero
1997-11-28T22:00:00Z,200830,4790,4,121.281700,28.088301,6321,632,A,94,kanm,station zero
1997-11-28T23:00:00Z,200831,5800,4,121.281700,28.088301,6321,632,A,94,kanm,station zero
1997-11-29T00:00:00Z,200832,6360,4,121.281700,28.088301,6321,632,A,94,kanm,station zero
1997-11-29T01:00:00Z,200833,6370,4,121.281700,28.088301,6321,632,A,94,kanm,station zero
1997-11-29T02:00:00Z,200834,5880,4,121.281700,28.088301,6321,632,A,94,kanm,station zero
1997-11-29T03:00:00Z,200835,4940,4,121.281700,28.088301,6321,632,A,94,kanm,station zero
1997-11-29T04:00:00Z,200836,3790,4,121.281700,28.088301,6321,632,A,94,kanm,station zero
1997-11-29T05:00:00Z,200837,2800,4,121.281700,28.088301,6321,632,A,94,kanm,station zero
1997-11-29T06:00:00Z,200838,2140,4,121.281700,28.088301,6321,632,A,94,kanm,station zero
1997-11-29T07:00:00Z,200839,2180,4,121.281700,28.088301,6321,632,A,94,kanm,station zero
1997-11-29T08:00:00Z,200840,2860,4,121.281700,28.088301,6321,632,A,94,kanm,station zero
1997-11-29T09:00:00Z,200841,3890,4,121.281700,28.088301,6321,632,A,94,kanm,station zero
1997-11-29T10:00:00Z,200842,5020,4,121.281700,28.088301,6321,632,A,94,kanm,station zero
1997-11-29T11:00:00Z,200843,5870,4,121.281700,28.088301,6321,632,A,94,kanm,station zero
1997-11-29T12:00:00Z,200844,6240,4,121.281700,28.088301,6321,632,A,94,kanm,station zero
1997-11-29T13:00:00Z,200845,6160,4,121.281700,28.088301,6321,632,A,94,kanm,station zero
1997-11-29T14:00:00Z,200846,5660,4,121.281700,28.088301,6321,632,A,94,kanm,station zero
1997-11-29T15:00:00Z,200847,4620,4,121.281700,28.088301,6321,632,A,94,kanm,station zero
1997-11-29T16:00:00Z,200848,3460,4,121.281700,28.088301,6321,632,A,94,kanm,station zero
1997-11-29T17:00:00Z,200849,2260,4,121.281700,28.088301,6321,632,A,94,kanm,station zero
1997-11-29T18:00:00Z,200850,1580,4,121.281700,28.088301,6321,632,A,94,kanm,station zero
1997-11-29T19:00:00Z,200851,1480,4,121.281700,28.088301,6321,632,A,94,kanm,station zero
1997-11-29T20:00:00Z,200852,2050,4,121.281700,28.088301,6321,632,A,94,kanm,station zero
1997-11-29T21:00:00Z,200853,2970,4,121.281700,28.088301,6321,632,A,94,kanm,station zero
1997-11-29T22:00:00Z,200854,4180,4,121.281700,28.088301,6321,632,A,94,kanm,station zero
1997-11-29T23:00:00Z,200855,5280,4,121.281700,28.088301,6321,632,A,94,kanm,station zero
1997-11-30T00:00:00Z,200856,6170,4,121.281700,28.088301,6321,632,A,94,kanm,station zero
1997-11-30T01:00:00Z,200857,6530,4,121.281700,28.088301,6321,632,A,94,kanm,station zero
1997-11-30T02:00:00Z,200858,6230,4,121.281700,28.088301,6321,632,A,94,kanm,station zero
1997-11-30T03:00:00Z,200859,5370,4,121.281700,28.088301,6321,632,A,94,kanm,station zero
1997-11-30T04:00:00Z,200860,4270,4,121.281700,28.088301,6321,632,A,94,kanm,station zero
1997-11-30T05:00:00Z,200861,3170,4,121.281700,28.088301,6321,632,A,94,kanm,station zero
1997-11-30T06:00:00Z,200862,2220,4,121.281700,28.088301,6321,632,A,94,kanm,station zero
1997-11-30T07:00:00Z,200863,1950,4,121.281700,28.088301,6321,632,A,94,kanm,station zero
1997-11-30T08:00:00Z,200864,2220,4,121.281700,28.088301,6321,632,A,94,kanm,station zero
1997-11-30T09:00:00Z,200865,3050,4,121.281700,28.088301,6321,632,A,94,kanm,station zero
1997-11-30T10:00:00Z,200866,4110,4,121.281700,28.088301,6321,632,A,94,kanm,station zero
1997-11-30T11:00:00Z,200867,5020,4,121.281700,28.088301,6321,632,A,94,kanm,station zero
1997-11-30T12:00:00Z,200868,5870,4,121.281700,28.088301,6321,632,A,94,kanm,station zero
1997-11-30T13:00:00Z,200869,6100,4,121.281700,28.088301,6321,632,A,94,kanm,station zero
1997-11-30T14:00:00Z,200870,5890,4,121.281700,28.088301,6321,632,A,94,kanm,station zero
1997-11-30T15:00:00Z,200871,5010,4,121.281700,28.088301,6321,632,A,94,kanm,station zero
1997-11-30T16:00:00Z,200872,3840,4,121.281700,28.088301,6321,632,A,94,kanm,station zero
1997-11-30T17:00:00Z,200873,2630,4,121.281700,28.088301,6321,632,A,94,kanm,station zero
1997-11-30T18:00:00Z,200874,1540,4,121.281700,28.088301,6321,632,A,94,kanm,station zero
1997-11-30T19:00:00Z,200875,1030,4,121.281700,28.088301,6321,632,A,94,kanm,station zero
1997-11-30T20:00:00Z,200876,1050,4,121.281700,28.088301,6321,632,A,94,kanm,station zero
1997-11-30T21:00:00Z,200877,1950,4,121.281700,28.088301,6321,632,A,94,kanm,station zero
1997-11-30T22:00:00Z,200878,3100,4,121.281700,28.088301,6321,632,A,94,kanm,station zero
1997-11-30T23:00:00Z,200879,4340,4,121.281700,28.088301,6321,632,A,94,kanm,station zero
1997-12-01T00:00:00Z,200880,5560,4,121.281700,28.088301,6321,632,A,94,kanm,station zero
1997-12-01T01:00:00Z,200881,6330,4,121.281700,28.088301,6321,632,A,94,kanm,station zero
1997-12-01T02:00:00Z,200882,6400,4,121.281700,28.088301,6321,632,A,94,kanm,station zero
1997-12-01T03:00:00Z,200883,5950,4,121.281700,28.088301,6321,632,A,94,kanm,station zero
1997-12-01T04:00:00Z,200884,5010,4,121.281700,28.088301,6321,632,A,94,kanm,station zero
1997-12-01T05:00:00Z,200885,3790,4,121.281700,28.088301,6321,632,A,94,kanm,station zero
1997-12-01T06:00:00Z,200886,2750,4,121.281700,28.088301,6321,632,A,94,kanm,station zero
1997-12-01T07:00:00Z,200887,2040,4,121.281700,28.088301,6321,632,A,94,kanm,station zero
1997-12-01T08:00:00Z,200888,2009,4,121.281700,28.088301,6321,632,A,94,kanm,station zero
1997-12-01T09:00:00Z,200889,2540,4,121.281700,28.088301,6321,632,A,94,kanm,station zero
1997-12-01T10:00:00Z,200890,3370,4,121.281700,28.088301,6321,632,A,94,kanm,station zero
1997-12-01T11:00:00Z,200891,4410,4,121.281700,28.088301,6321,632,A,94,kanm,station zero
1997-12-01T12:00:00Z,200892,5490,4,121.281700,28.088301,6321,632,A,94,kanm,station zero
1997-12-01T13:00:00Z,200893,6130,4,121.281700,28.088301,6321,632,A,94,kanm,station zero
1997-12-01T14:00:00Z,200894,6210,4,121.281700,28.088301,6321,632,A,94,kanm,station zero
1997-12-01T15:00:00Z,200895,5770,4,121.281700,28.088301,6321,632,A,94,kanm,station zero
1997-12-01T16:00:00Z,200896,4800,4,121.281700,28.088301,6321,632,A,94,kanm,station zero
1997-12-01T17:00:00Z,200897,3540,4,121.281700,28.088301,6321,632,A,94,kanm,station zero
1997-12-01T18:00:00Z,200898,2280,4,121.281700,28.088301,6321,632,A,94,kanm,station zero
1997-12-01T19:00:00Z,200899,1540,4,121.281700,28.088301,6321,632,A,94,kanm,station zero
1997-12-01T20:00:00Z,200900,1380,4,121.281700,28.088301,6321,632,A,94,kanm,station zero
1997-12-01T21:00:00Z,200901,1910,4,121.281700,28.088301,6321,632,A,94,kanm,station zero
1997-12-01T22:00:00Z,200902,2800,4,121.281700,28.088301,6321,632,A,94,kanm,station zero
1997-12-01T23:00:00Z,200903,4050,4,121.281700,28.088301,6321,632,A,94,kanm,station zero
1997-12-02T00:00:00Z,200904,5240,4,121.281700,28.088301,6321,632,A,94,kanm,station zero
1997-12-02T01:00:00Z,200905,6240,4,121.281700,28.088301,6321,632,A,94,kanm,station zero
1997-12-02T02:00:00Z,200906,6780,4,121.281700,28.088301,6321,632,A,94,kanm,station zero
1997-12-02T03:00:00Z,200907,6640,4,121.281700,28.088301,6321,632,A,94,kanm,station zero
1997-12-02T04:00:00Z,200908,5930,4,121.281700,28.088301,6321,632,A,94,kanm,station zero
1997-12-02T05:00:00Z,200909,4810,4,121.281700,28.088301,6321,632,A,94,kanm,station zero
1997-12-02T06:00:00Z,200910,3630,4,121.281700,28.088301,6321,632,A,94,kanm,station zero
1997-12-02T07:00:00Z,200911,2710,4,121.281700,28.088301,6321,632,A,94,kanm,station zero
1997-12-02T08:00:00Z,200912,2280,4,121.281700,28.088301,6321,632,A,94,kanm,station zero
1997-12-02T09:00:00Z,200913,2470,4,121.281700,28.088301,6321,632,A,94,kanm,station zero
1997-12-02T10:00:00Z,200914,3120,4,121.281700,28.088301,6321,632,A,94,kanm,station zero
1997-12-02T11:00:00Z,200915,4040,4,121.281700,28.088301,6321,632,A,94,kanm,station zero
1997-12-02T12:00:00Z,200916,5050,4,121.281700,28.088301,6321,632,A,94,kanm,station zero
1997-12-02T13:00:00Z,200917,5890,4,121.281700,28.088301,6321,632,A,94,kanm,station zero
1997-12-02T14:00:00Z,200918,6210,4,121.281700,28.088301,6321,632,A,94,kanm,station zero
1997-12-02T15:00:00Z,200919,6010,4,121.281700,28.088301,6321,632,A,94,kanm,station zero
1997-12-02T16:00:00Z,200920,5280,4,121.281700,28.088301,6321,632,A,94,kanm,station zero
1997-12-02T17:00:00Z,200921,4090,4,121.281700,28.088301,6321,632,A,94,kanm,station zero
1997-12-02T18:00:00Z,200922,2870,4,121.281700,28.088301,6321,632,A,94,kanm,station zero
1997-12-02T19:00:00Z,200923,1770,4,121.281700,28.088301,6321,632,A,94,kanm,station zero
1997-12-02T20:00:00Z,200924,1080,4,121.281700,28.088301,6321,632,A,94,kanm,station zero
1997-12-02T21:00:00Z,200925,1200,4,121.281700,28.088301,6321,632,A,94,kanm,station zero
1997-12-02T22:00:00Z,200926,1880,4,121.281700,28.088301,6321,632,A,94,kanm,station zero
1997-12-02T23:00:00Z,200927,2950,4,121.281700,28.088301,6321,632,A,94,kanm,station zero
1997-12-03T00:00:00Z,200928,4110,4,121.281700,28.088301,6321,632,A,94,kanm,station zero
1997-12-03T01:00:00Z,200929,5310,4,121.281700,28.088301,6321,632,A,94,kanm,station zero
1997-12-03T02:00:00Z,200930,6180,4,121.281700,28.088301,6321,632,A,94,kanm,station zero
1997-12-03T03:00:00Z,200931,6410,4,121.281700,28.088301,6321,632,A,94,kanm,station zero
1997-12-03T04:00:00Z,200932,6020,4,121.281700,28.088301,6321,632,A,94,kanm,station zero
1997-12-03T05:00:00Z,200933,5060,4,121.281700,28.088301,6321,632,A,94,kanm,station zero
1997-12-03T06:00:00Z,200934,3970,4,121.281700,28.088301,6321,632,A,94,kanm,station zero
1997-12-03T07:00:00Z,200935,2930,4,121.281700,28.088301,6321,632,A,94,kanm,station zero
1997-12-03T08:00:00Z,200936,2150,4,121.281700,28.088301,6321,632,A,94,kanm,station zero
1997-12-03T09:00:00Z,200937,2060,4,121.281700,28.088301,6321,632,A,94,kanm,station zero
1997-12-03T10:00:00Z,200938,2440,4,121.281700,28.088301,6321,632,A,94,kanm,station zero
1997-12-03T11:00:00Z,200939,3170,4,121.281700,28.088301,6321,632,A,94,kanm,station zero
1997-12-03T12:00:00Z,200940,4100,4,121.281700,28.088301,6321,632,A,94,kanm,station zero
1997-12-03T13:00:00Z,200941,4990,4,121.281700,28.088301,6321,632,A,94,kanm,station zero
1997-12-03T14:00:00Z,200942,5700,4,121.281700,28.088301,6321,632,A,94,kanm,station zero
1997-12-03T15:00:00Z,200943,5920,4,121.281700,28.088301,6321,632,A,94,kanm,station zero
1997-12-03T16:00:00Z,200944,5530,4,121.281700,28.088301,6321,632,A,94,kanm,station zero
1997-12-03T17:00:00Z,200945,4670,4,121.281700,28.088301,6321,632,A,94,kanm,station zero
1997-12-03T18:00:00Z,200946,3520,4,121.281700,28.088301,6321,632,A,94,kanm,station zero
1997-12-03T19:00:00Z,200947,2320,4,121.281700,28.088301,6321,632,A,94,kanm,station zero
1997-12-03T20:00:00Z,200948,1470,4,121.281700,28.088301,6321,632,A,94,kanm,station zero
1997-12-03T21:00:00Z,200949,1080,4,121.281700,28.088301,6321,632,A,94,kanm,station zero
1997-12-03T22:00:00Z,200950,1400,4,121.281700,28.088301,6321,632,A,94,kanm,station zero
1997-12-03T23:00:00Z,200951,2090,4,121.281700,28.088301,6321,632,A,94,kanm,station zero
1997-12-04T00:00:00Z,200952,3140,4,121.281700,28.088301,6321,632,A,94,kanm,station zero
1997-12-04T01:00:00Z,200953,4330,4,121.281700,28.088301,6321,632,A,94,kanm,station zero
1997-12-04T02:00:00Z,200954,5400,4,121.281700,28.088301,6321,632,A,94,kanm,station zero
1997-12-04T03:00:00Z,200955,6080,4,121.281700,28.088301,6321,632,A,94,kanm,station zero
1997-12-04T04:00:00Z,200956,6230,4,121.281700,28.088301,6321,632,A,94,kanm,station zero
1997-12-04T05:00:00Z,200957,5800,4,121.281700,28.088301,6321,632,A,94,kanm,station zero
1997-12-04T06:00:00Z,200958,4900,4,121.281700,28.088301,6321,632,A,94,kanm,station zero
1997-12-04T07:00:00Z,200959,3780,4,121.281700,28.088301,6321,632,A,94,kanm,station zero
1997-12-04T08:00:00Z,200960,2760,4,121.281700,28.088301,6321,632,A,94,kanm,station zero
1997-12-04T09:00:00Z,200961,2120,4,121.281700,28.088301,6321,632,A,94,kanm,station zero
1997-12-04T10:00:00Z,200962,2110,4,121.281700,28.088301,6321,632,A,94,kanm,station zero
1997-12-04T11:00:00Z,200963,2640,4,121.281700,28.088301,6321,632,A,94,kanm,station zero
1997-12-04T12:00:00Z,200964,3440,4,121.281700,28.088301,6321,632,A,94,kanm,station zero
1997-12-04T13:00:00Z,200965,4390,4,121.281700,28.088301,6321,632,A,94,kanm,station zero
1997-12-04T14:00:00Z,200966,5170,4,121.281700,28.088301,6321,632,A,94,kanm,station zero
1997-12-04T15:00:00Z,200967,5760,4,121.281700,28.088301,6321,632,A,94,kanm,station zero
1997-12-04T16:00:00Z,200968,5850,4,121.281700,28.088301,6321,632,A,94,kanm,station zero
1997-12-04T17:00:00Z,200969,5370,4,121.281700,28.088301,6321,632,A,94,kanm,station zero
1997-12-04T18:00:00Z,200970,4590,4,121.281700,28.088301,6321,632,A,94,kanm,station zero
1997-12-04T19:00:00Z,200971,3510,4,121.281700,28.088301,6321,632,A,94,kanm,station zero
1997-12-04T20:00:00Z,200972,2320,4,121.281700,28.088301,6321,632,A,94,kanm,station zero
1997-12-04T21:00:00Z,200973,1570,4,121.281700,28.088301,6321,632,A,94,kanm,station zero
1997-12-04T22:00:00Z,200974,1210,4,121.281700,28.088301,6321,632,A,94,kanm,station zero
1997-12-04T23:00:00Z,200975,1780,4,121.281700,28.088301,6321,632,A,94,kanm,station zero
1997-12-05T00:00:00Z,200976,2620,4,121.281700,28.088301,6321,632,A,94,kanm,station zero
1997-12-05T01:00:00Z,200977,3690,4,121.281700,28.088301,6321,632,A,94,kanm,station zero
1997-12-05T02:00:00Z,200978,4750,4,121.281700,28.088301,6321,632,A,94,kanm,station zero
1997-12-05T03:00:00Z,200979,5660,4,121.281700,28.088301,6321,632,A,94,kanm,station zero
1997-12-05T04:00:00Z,200980,6120,4,121.281700,28.088301,6321,632,A,94,kanm,station zero
1997-12-05T05:00:00Z,200981,6100,4,121.281700,28.088301,6321,632,A,94,kanm,station zero
1997-12-05T06:00:00Z,200982,5600,4,121.281700,28.088301,6321,632,A,94,kanm,station zero
1997-12-05T07:00:00Z,200983,4700,4,121.281700,28.088301,6321,632,A,94,kanm,station zero
1997-12-05T08:00:00Z,200984,3680,4,121.281700,28.088301,6321,632,A,94,kanm,station zero
1997-12-05T09:00:00Z,200985,2680,4,121.281700,28.088301,6321,632,A,94,kanm,station zero
1997-12-05T10:00:00Z,200986,2170,4,121.281700,28.088301,6321,632,A,94,kanm,station zero
1997-12-05T11:00:00Z,200987,2320,4,121.281700,28.088301,6321,632,A,94,kanm,station zero
1997-12-05T12:00:00Z,200988,2870,4,121.281700,28.088301,6321,632,A,94,kanm,station zero
1997-12-05T13:00:00Z,200989,3640,4,121.281700,28.088301,6321,632,A,94,kanm,station zero
1997-12-05T14:00:00Z,200990,4560,4,121.281700,28.088301,6321,632,A,94,kanm,station zero
1997-12-05T15:00:00Z,200991,5170,4,121.281700,28.088301,6321,632,A,94,kanm,station zero
1997-12-05T16:00:00Z,200992,5580,4,121.281700,28.088301,6321,632,A,94,kanm,station zero
1997-12-05T17:00:00Z,200993,5470,4,121.281700,28.088301,6321,632,A,94,kanm,station zero
1997-12-05T18:00:00Z,200994,5020,4,121.281700,28.088301,6321,632,A,94,kanm,station zero
1997-12-05T19:00:00Z,200995,4190,4,121.281700,28.088301,6321,632,A,94,kanm,station zero
1997-12-05T20:00:00Z,200996,3180,4,121.281700,28.088301,6321,632,A,94,kanm,station zero
1997-12-05T21:00:00Z,200997,2200,4,121.281700,28.088301,6321,632,A,94,kanm,station zero
1997-12-05T22:00:00Z,200998,1620,4,121.281700,28.088301,6321,632,A,94,kanm,station zero
1997-12-05T23:00:00Z,200999,1500,4,121.281700,28.088301,6321,632,A,94,kanm,station zero
1997-12-06T00:00:00Z,201000,1910,4,121.281700,28.088301,6321,632,A,94,kanm,station zero
1997-12-06T01:00:00Z,201001,2620,4,121.281700,28.088301,6321,632,A,94,kanm,station zero
1997-12-06T02:00:00Z,201002,3580,4,121.281700,28.088301,6321,632,A,94,kanm,station zero
1997-12-06T03:00:00Z,201003,4620,4,121.281700,28.088301,6321,632,A,94,kanm,station zero
1997-12-06T04:00:00Z,201004,5410,4,121.281700,28.088301,6321,632,A,94,kanm,station zero
1997-12-06T05:00:00Z,201005,5850,4,121.281700,28.088301,6321,632,A,94,kanm,station zero
1997-12-06T06:00:00Z,201006,5790,4,121.281700,28.088301,6321,632,A,94,kanm,station zero
1997-12-06T07:00:00Z,201007,5280,4,121.281700,28.088301,6321,632,A,94,kanm,station zero
1997-12-06T08:00:00Z,201008,4470,4,121.281700,28.088301,6321,632,A,94,kanm,station zero
1997-12-06T09:00:00Z,201009,3560,4,121.281700,28.088301,6321,632,A,94,kanm,station zero
1997-12-06T10:00:00Z,201010,2690,4,121.281700,28.088301,6321,632,A,94,kanm,station zero
1997-12-06T11:00:00Z,201011,2250,4,121.281700,28.088301,6321,632,A,94,kanm,station zero
1997-12-06T12:00:00Z,201012,2320,4,121.281700,28.088301,6321,632,A,94,kanm,station zero
1997-12-06T13:00:00Z,201013,2790,4,121.281700,28.088301,6321,632,A,94,kanm,station zero
1997-12-06T14:00:00Z,201014,3550,4,121.281700,28.088301,6321,632,A,94,kanm,station zero
1997-12-06T15:00:00Z,201015,4380,4,121.281700,28.088301,6321,632,A,94,kanm,station zero
1997-12-06T16:00:00Z,201016,5040,4,121.281700,28.088301,6321,632,A,94,kanm,station zero
1997-12-06T17:00:00Z,201017,5400,4,121.281700,28.088301,6321,632,A,94,kanm,station zero
1997-12-06T18:00:00Z,201018,5420,4,121.281700,28.088301,6321,632,A,94,kanm,station zero
1997-12-06T19:00:00Z,201019,5020,4,121.281700,28.088301,6321,632,A,94,kanm,station zero
1997-12-06T20:00:00Z,201020,4330,4,121.281700,28.088301,6321,632,A,94,kanm,station zero
1997-12-06T21:00:00Z,201021,3410,4,121.281700,28.088301,6321,632,A,94,kanm,station zero
1997-12-06T22:00:00Z,201022,2550,4,121.281700,28.088301,6321,632,A,94,kanm,station zero
1997-12-06T23:00:00Z,201023,1890,4,121.281700,28.088301,6321,632,A,94,kanm,station zero
1997-12-07T00:00:00Z,201024,1810,4,121.281700,28.088301,6321,632,A,94,kanm,station zero
1997-12-07T01:00:00Z,201025,2260,4,121.281700,28.088301,6321,632,A,94,kanm,station zero
1997-12-07T02:00:00Z,201026,2980,4,121.281700,28.088301,6321,632,A,94,kanm,station zero
1997-12-07T03:00:00Z,201027,3940,4,121.281700,28.088301,6321,632,A,94,kanm,station zero
1997-12-07T04:00:00Z,201028,4920,4,121.281700,28.088301,6321,632,A,94,kanm,station zero
1997-12-07T05:00:00Z,201029,5590,4,121.281700,28.088301,6321,632,A,94,kanm,station zero
1997-12-07T06:00:00Z,201030,5860,4,121.281700,28.088301,6321,632,A,94,kanm,station zero
1997-12-07T07:00:00Z,201031,5870,4,121.281700,28.088301,6321,632,A,94,kanm,station zero
1997-12-07T08:00:00Z,201032,5430,4,121.281700,28.088301,6321,632,A,94,kanm,station zero
1997-12-07T09:00:00Z,201033,4700,4,121.281700,28.088301,6321,632,A,94,kanm,station zero
1997-12-07T10:00:00Z,201034,3870,4,121.281700,28.088301,6321,632,A,94,kanm,station zero
1997-12-07T11:00:00Z,201035,3140,4,121.281700,28.088301,6321,632,A,94,kanm,station zero
1997-12-07T12:00:00Z,201036,2760,4,121.281700,28.088301,6321,632,A,94,kanm,station zero
1997-12-07T13:00:00Z,201037,2720,4,121.281700,28.088301,6321,632,A,94,kanm,station zero
1997-12-07T14:00:00Z,201038,3020,4,121.281700,28.088301,6321,632,A,94,kanm,station zero
1997-12-07T15:00:00Z,201039,3620,4,121.281700,28.088301,6321,632,A,94,kanm,station zero
1997-12-07T16:00:00Z,201040,4290,4,121.281700,28.088301,6321,632,A,94,kanm,station zero
1997-12-07T17:00:00Z,201041,4920,4,121.281700,28.088301,6321,632,A,94,kanm,station zero
1997-12-07T18:00:00Z,201042,5270,4,121.281700,28.088301,6321,632,A,94,kanm,station zero
1997-12-07T19:00:00Z,201043,5400,4,121.281700,28.088301,6321,632,A,94,kanm,station zero
1997-12-07T20:00:00Z,201044,5170,4,121.281700,28.088301,6321,632,A,94,kanm,station zero
1997-12-07T21:00:00Z,201045,4590,4,121.281700,28.088301,6321,632,A,94,kanm,station zero
1997-12-07T22:00:00Z,201046,3840,4,121.281700,28.088301,6321,632,A,94,kanm,station zero
1997-12-07T23:00:00Z,201047,3030,4,121.281700,28.088301,6321,632,A,94,kanm,station zero
1997-12-08T00:00:00Z,201048,2480,4,121.281700,28.088301,6321,632,A,94,kanm,station zero
1997-12-08T01:00:00Z,201049,2370,4,121.281700,28.088301,6321,632,A,94,kanm,station zero
1997-12-08T02:00:00Z,201050,2630,4,121.281700,28.088301,6321,632,A,94,kanm,station zero
1997-12-08T03:00:00Z,201051,3060,4,121.281700,28.088301,6321,632,A,94,kanm,station zero
1997-12-08T04:00:00Z,201052,3810,4,121.281700,28.088301,6321,632,A,94,kanm,station zero
1997-12-08T05:00:00Z,201053,4660,4,121.281700,28.088301,6321,632,A,94,kanm,station zero
1997-12-08T06:00:00Z,201054,5370,4,121.281700,28.088301,6321,632,A,94,kanm,station zero
1997-12-08T07:00:00Z,201055,5840,4,121.281700,28.088301,6321,632,A,94,kanm,station zero
1997-12-08T08:00:00Z,201056,5840,4,121.281700,28.088301,6321,632,A,94,kanm,station zero
1997-12-08T09:00:00Z,201057,5430,4,121.281700,28.088301,6321,632,A,94,kanm,station zero
1997-12-08T10:00:00Z,201058,4730,4,121.281700,28.088301,6321,632,A,94,kanm,station zero
1997-12-08T11:00:00Z,201059,3890,4,121.281700,28.088301,6321,632,A,94,kanm,station zero
1997-12-08T12:00:00Z,201060,3110,4,121.281700,28.088301,6321,632,A,94,kanm,station zero
1997-12-08T13:00:00Z,201061,2670,4,121.281700,28.088301,6321,632,A,94,kanm,station zero
1997-12-08T14:00:00Z,201062,2440,4,121.281700,28.088301,6321,632,A,94,kanm,station zero
1997-12-08T15:00:00Z,201063,2630,4,121.281700,28.088301,6321,632,A,94,kanm,station zero
1997-12-08T16:00:00Z,201064,3090,4,121.281700,28.088301,6321,632,A,94,kanm,station zero
1997-12-08T17:00:00Z,201065,3830,4,121.281700,28.088301,6321,632,A,94,kanm,station zero
1997-12-08T18:00:00Z,201066,4630,4,121.281700,28.088301,6321,632,A,94,kanm,station zero
1997-12-08T19:00:00Z,201067,5280,4,121.281700,28.088301,6321,632,A,94,kanm,station zero
1997-12-08T20:00:00Z,201068,5540,4,121.281700,28.088301,6321,632,A,94,kanm,station zero
1997-12-08T21:00:00Z,201069,5300,4,121.281700,28.088301,6321,632,A,94,kanm,station zero
1997-12-08T22:00:00Z,201070,4720,4,121.281700,28.088301,6321,632,A,94,kanm,station zero
1997-12-08T23:00:00Z,201071,3980,4,121.281700,28.088301,6321,632,A,94,kanm,station zero
1997-12-09T00:00:00Z,201072,3180,4,121.281700,28.088301,6321,632,A,94,kanm,station zero
1997-12-09T01:00:00Z,201073,2640,4,121.281700,28.088301,6321,632,A,94,kanm,station zero
1997-12-09T02:00:00Z,201074,2300,4,121.281700,28.088301,6321,632,A,94,kanm,station zero
1997-12-09T03:00:00Z,201075,2420,4,121.281700,28.088301,6321,632,A,94,kanm,station zero
1997-12-09T04:00:00Z,201076,2880,4,121.281700,28.088301,6321,632,A,94,kanm,station zero
1997-12-09T05:00:00Z,201077,3590,4,121.281700,28.088301,6321,632,A,94,kanm,station zero
1997-12-09T06:00:00Z,201078,4490,4,121.281700,28.088301,6321,632,A,94,kanm,station zero
1997-12-09T07:00:00Z,201079,5280,4,121.281700,28.088301,6321,632,A,94,kanm,station zero
1997-12-09T08:00:00Z,201080,5820,4,121.281700,28.088301,6321,632,A,94,kanm,station zero
1997-12-09T09:00:00Z,201081,5890,4,121.281700,28.088301,6321,632,A,94,kanm,station zero
1997-12-09T10:00:00Z,201082,5520,4,121.281700,28.088301,6321,632,A,94,kanm,station zero
1997-12-09T11:00:00Z,201083,4750,4,121.281700,28.088301,6321,632,A,94,kanm,station zero
1997-12-09T12:00:00Z,201084,3780,4,121.281700,28.088301,6321,632,A,94,kanm,station zero
1997-12-09T13:00:00Z,201085,2910,4,121.281700,28.088301,6321,632,A,94,kanm,station zero
1997-12-09T14:00:00Z,201086,2230,4,121.281700,28.088301,6321,632,A,94,kanm,station zero
1997-12-09T15:00:00Z,201087,2009,4,121.281700,28.088301,6321,632,A,94,kanm,station zero
1997-12-09T16:00:00Z,201088,2210,4,121.281700,28.088301,6321,632,A,94,kanm,station zero
1997-12-09T17:00:00Z,201089,2770,4,121.281700,28.088301,6321,632,A,94,kanm,station zero
1997-12-09T18:00:00Z,201090,3600,4,121.281700,28.088301,6321,632,A,94,kanm,station zero
1997-12-09T19:00:00Z,201091,4520,4,121.281700,28.088301,6321,632,A,94,kanm,station zero
1997-12-09T20:00:00Z,201092,5270,4,121.281700,28.088301,6321,632,A,94,kanm,station zero
1997-12-09T21:00:00Z,201093,5710,4,121.281700,28.088301,6321,632,A,94,kanm,station zero
1997-12-09T22:00:00Z,201094,5710,4,121.281700,28.088301,6321,632,A,94,kanm,station zero
1997-12-09T23:00:00Z,201095,5210,4,121.281700,28.088301,6321,632,A,94,kanm,station zero
1997-12-10T00:00:00Z,201096,4340,4,121.281700,28.088301,6321,632,A,94,kanm,station zero
1997-12-10T01:00:00Z,201097,3480,4,121.281700,28.088301,6321,632,A,94,kanm,station zero
1997-12-10T02:00:00Z,201098,2700,4,121.281700,28.088301,6321,632,A,94,kanm,station zero
1997-12-10T03:00:00Z,201099,2280,4,121.281700,28.088301,6321,632,A,94,kanm,station zero
1997-12-10T04:00:00Z,201100,2340,4,121.281700,28.088301,6321,632,A,94,kanm,station zero
1997-12-10T05:00:00Z,201101,2810,4,121.281700,28.088301,6321,632,A,94,kanm,station zero
1997-12-10T06:00:00Z,201102,3460,4,121.281700,28.088301,6321,632,A,94,kanm,station zero
1997-12-10T07:00:00Z,201103,4360,4,121.281700,28.088301,6321,632,A,94,kanm,station zero
1997-12-10T08:00:00Z,201104,5250,4,121.281700,28.088301,6321,632,A,94,kanm,station zero
1997-12-10T09:00:00Z,201105,5860,4,121.281700,28.088301,6321,632,A,94,kanm,station zero
1997-12-10T10:00:00Z,201106,6010,4,121.281700,28.088301,6321,632,A,94,kanm,station zero
1997-12-10T11:00:00Z,201107,5680,4,121.281700,28.088301,6321,632,A,94,kanm,station zero
1997-12-10T12:00:00Z,201108,4840,4,121.281700,28.088301,6321,632,A,94,kanm,station zero
1997-12-10T13:00:00Z,201109,3740,4,121.281700,28.088301,6321,632,A,94,kanm,station zero
1997-12-10T14:00:00Z,201110,2660,4,121.281700,28.088301,6321,632,A,94,kanm,station zero
1997-12-10T15:00:00Z,201111,1820,4,121.281700,28.088301,6321,632,A,94,kanm,station zero
1997-12-10T16:00:00Z,201112,1390,4,121.281700,28.088301,6321,632,A,94,kanm,station zero
1997-12-10T17:00:00Z,201113,1700,4,121.281700,28.088301,6321,632,A,94,kanm,station zero
1997-12-10T18:00:00Z,201114,2340,4,121.281700,28.088301,6321,632,A,94,kanm,station zero
1997-12-10T19:00:00Z,201115,3280,4,121.281700,28.088301,6321,632,A,94,kanm,station zero
1997-12-10T20:00:00Z,201116,4380,4,121.281700,28.088301,6321,632,A,94,kanm,station zero
1997-12-10T21:00:00Z,201117,5240,4,121.281700,28.088301,6321,632,A,94,kanm,station zero
1997-12-10T22:00:00Z,201118,5780,4,121.281700,28.088301,6321,632,A,94,kanm,station zero
1997-12-10T23:00:00Z,201119,5760,4,121.281700,28.088301,6321,632,A,94,kanm,station zero
1997-12-11T00:00:00Z,201120,5220,4,121.281700,28.088301,6321,632,A,94,kanm,station zero
1997-12-11T01:00:00Z,201121,4320,4,121.281700,28.088301,6321,632,A,94,kanm,station zero
1997-12-11T02:00:00Z,201122,3280,4,121.281700,28.088301,6321,632,A,94,kanm,station zero
1997-12-11T03:00:00Z,201123,2390,4,121.281700,28.088301,6321,632,A,94,kanm,station zero
1997-12-11T04:00:00Z,201124,1920,4,121.281700,28.088301,6321,632,A,94,kanm,station zero
1997-12-11T05:00:00Z,201125,1920,4,121.281700,28.088301,6321,632,A,94,kanm,station zero
1997-12-11T06:00:00Z,201126,2310,4,121.281700,28.088301,6321,632,A,94,kanm,station zero
1997-12-11T07:00:00Z,201127,3140,4,121.281700,28.088301,6321,632,A,94,kanm,station zero
1997-12-11T08:00:00Z,201128,4190,4,121.281700,28.088301,6321,632,A,94,kanm,station zero
1997-12-11T09:00:00Z,201129,5190,4,121.281700,28.088301,6321,632,A,94,kanm,station zero
1997-12-11T10:00:00Z,201130,5880,4,121.281700,28.088301,6321,632,A,94,kanm,station zero
1997-12-11T11:00:00Z,201131,5910,4,121.281700,28.088301,6321,632,A,94,kanm,station zero
1997-12-11T12:00:00Z,201132,5540,4,121.281700,28.088301,6321,632,A,94,kanm,station zero
1997-12-11T13:00:00Z,201133,4670,4,121.281700,28.088301,6321,632,A,94,kanm,station zero
1997-12-11T14:00:00Z,201134,3510,4,121.281700,28.088301,6321,632,A,94,kanm,station zero
1997-12-11T15:00:00Z,201135,2280,4,121.281700,28.088301,6321,632,A,94,kanm,station zero
1997-12-11T16:00:00Z,201136,1510,4,121.281700,28.088301,6321,632,A,94,kanm,station zero
1997-12-11T17:00:00Z,201137,1170,4,121.281700,28.088301,6321,632,A,94,kanm,station zero
1997-12-11T18:00:00Z,201138,1480,4,121.281700,28.088301,6321,632,A,94,kanm,station zero
1997-12-11T19:00:00Z,201139,2300,4,121.281700,28.088301,6321,632,A,94,kanm,station zero
1997-12-11T20:00:00Z,201140,3430,4,121.281700,28.088301,6321,632,A,94,kanm,station zero
1997-12-11T21:00:00Z,201141,4670,4,121.281700,28.088301,6321,632,A,94,kanm,station zero
1997-12-11T22:00:00Z,201142,5660,4,121.281700,28.088301,6321,632,A,94,kanm,station zero
1997-12-11T23:00:00Z,201143,6160,4,121.281700,28.088301,6321,632,A,94,kanm,station zero
1997-12-12T00:00:00Z,201144,6040,4,121.281700,28.088301,6321,632,A,94,kanm,station zero
1997-12-12T01:00:00Z,201145,5450,4,121.281700,28.088301,6321,632,A,94,kanm,station zero
1997-12-12T02:00:00Z,201146,4470,4,121.281700,28.088301,6321,632,A,94,kanm,station zero
1997-12-12T03:00:00Z,201147,3300,4,121.281700,28.088301,6321,632,A,94,kanm,station zero
1997-12-12T04:00:00Z,201148,2310,4,121.281700,28.088301,6321,632,A,94,kanm,station zero
1997-12-12T05:00:00Z,201149,1780,4,121.281700,28.088301,6321,632,A,94,kanm,station zero
1997-12-12T06:00:00Z,201150,1870,4,121.281700,28.088301,6321,632,A,94,kanm,station zero
1997-12-12T07:00:00Z,201151,2410,4,121.281700,28.088301,6321,632,A,94,kanm,station zero
1997-12-12T08:00:00Z,201152,3380,4,121.281700,28.088301,6321,632,A,94,kanm,station zero
1997-12-12T09:00:00Z,201153,4490,4,121.281700,28.088301,6321,632,A,94,kanm,station zero
1997-12-12T10:00:00Z,201154,5380,4,121.281700,28.088301,6321,632,A,94,kanm,station zero
1997-12-12T11:00:00Z,201155,5910,4,121.281700,28.088301,6321,632,A,94,kanm,station zero
1997-12-12T12:00:00Z,201156,5920,4,121.281700,28.088301,6321,632,A,94,kanm,station zero
1997-12-12T13:00:00Z,201157,5390,4,121.281700,28.088301,6321,632,A,94,kanm,station zero
1997-12-12T14:00:00Z,201158,4470,4,121.281700,28.088301,6321,632,A,94,kanm,station zero
1997-12-12T15:00:00Z,201159,3200,4,121.281700,28.088301,6321,632,A,94,kanm,station zero
1997-12-12T16:00:00Z,201160,1980,4,121.281700,28.088301,6321,632,A,94,kanm,station zero
1997-12-12T17:00:00Z,201161,990,4,121.281700,28.088301,6321,632,A,94,kanm,station zero
1997-12-12T18:00:00Z,201162,790,4,121.281700,28.088301,6321,632,A,94,kanm,station zero
1997-12-12T19:00:00Z,201163,1230,4,121.281700,28.088301,6321,632,A,94,kanm,station zero
1997-12-12T20:00:00Z,201164,2240,4,121.281700,28.088301,6321,632,A,94,kanm,station zero
1997-12-12T21:00:00Z,201165,3560,4,121.281700,28.088301,6321,632,A,94,kanm,station zero
1997-12-12T22:00:00Z,201166,4830,4,121.281700,28.088301,6321,632,A,94,kanm,station zero
1997-12-12T23:00:00Z,201167,5850,4,121.281700,28.088301,6321,632,A,94,kanm,station zero
1997-12-13T00:00:00Z,201168,6330,4,121.281700,28.088301,6321,632,A,94,kanm,station zero
1997-12-13T01:00:00Z,201169,6150,4,121.281700,28.088301,6321,632,A,94,kanm,station zero
1997-12-13T02:00:00Z,201170,5500,4,121.281700,28.088301,6321,632,A,94,kanm,station zero
1997-12-13T03:00:00Z,201171,4320,4,121.281700,28.088301,6321,632,A,94,kanm,station zero
1997-12-13T04:00:00Z,201172,3140,4,121.281700,28.088301,6321,632,A,94,kanm,station zero
1997-12-13T05:00:00Z,201173,2310,4,121.281700,28.088301,6321,632,A,94,kanm,station zero
1997-12-13T06:00:00Z,201174,1700,4,121.281700,28.088301,6321,632,A,94,kanm,station zero
1997-12-13T07:00:00Z,201175,1950,4,121.281700,28.088301,6321,632,A,94,kanm,station zero
1997-12-13T08:00:00Z,201176,2690,4,121.281700,28.088301,6321,632,A,94,kanm,station zero
1997-12-13T09:00:00Z,201177,3710,4,121.281700,28.088301,6321,632,A,94,kanm,station zero
1997-12-13T10:00:00Z,201178,4820,4,121.281700,28.088301,6321,632,A,94,kanm,station zero
1997-12-13T11:00:00Z,201179,5700,4,121.281700,28.088301,6321,632,A,94,kanm,station zero
1997-12-13T12:00:00Z,201180,6080,4,121.281700,28.088301,6321,632,A,94,kanm,station zero
1997-12-13T13:00:00Z,201181,5930,4,121.281700,28.088301,6321,632,A,94,kanm,station zero
1997-12-13T14:00:00Z,201182,5290,4,121.281700,28.088301,6321,632,A,94,kanm,station zero
1997-12-13T15:00:00Z,201183,4150,4,121.281700,28.088301,6321,632,A,94,kanm,station zero
1997-12-13T16:00:00Z,201184,2810,4,121.281700,28.088301,6321,632,A,94,kanm,station zero
1997-12-13T17:00:00Z,201185,1550,4,121.281700,28.088301,6321,632,A,94,kanm,station zero
1997-12-13T18:00:00Z,201186,860,4,121.281700,28.088301,6321,632,A,94,kanm,station zero
1997-12-13T19:00:00Z,201187,720,4,121.281700,28.088301,6321,632,A,94,kanm,station zero
1997-12-13T20:00:00Z,201188,1406,4,121.281700,28.088301,6321,632,A,94,kanm,station zero
1997-12-13T21:00:00Z,201189,2570,4,121.281700,28.088301,6321,632,A,94,kanm,station zero
1997-12-13T22:00:00Z,201190,3870,4,121.281700,28.088301,6321,632,A,94,kanm,station zero
1997-12-13T23:00:00Z,201191,5170,4,121.281700,28.088301,6321,632,A,94,kanm,station zero
1997-12-14T00:00:00Z,201192,6110,4,121.281700,28.088301,6321,632,A,94,kanm,station zero
1997-12-14T01:00:00Z,201193,6470,4,121.281700,28.088301,6321,632,A,94,kanm,station zero
1997-12-14T02:00:00Z,201194,6150,4,121.281700,28.088301,6321,632,A,94,kanm,station zero
1997-12-14T03:00:00Z,201195,5320,4,121.281700,28.088301,6321,632,A,94,kanm,station zero
1997-12-14T04:00:00Z,201196,4080,4,121.281700,28.088301,6321,632,A,94,kanm,station zero
1997-12-14T05:00:00Z,201197,2930,4,121.281700,28.088301,6321,632,A,94,kanm,station zero
1997-12-14T06:00:00Z,201198,1980,4,121.281700,28.088301,6321,632,A,94,kanm,station zero
1997-12-14T07:00:00Z,201199,1680,4,121.281700,28.088301,6321,632,A,94,kanm,station zero
1997-12-14T08:00:00Z,201200,2090,4,121.281700,28.088301,6321,632,A,94,kanm,station zero
1997-12-14T09:00:00Z,201201,2960,4,121.281700,28.088301,6321,632,A,94,kanm,station zero
1997-12-14T10:00:00Z,201202,4019,4,121.281700,28.088301,6321,632,A,94,kanm,station zero
1997-12-14T11:00:00Z,201203,5160,4,121.281700,28.088301,6321,632,A,94,kanm,station zero
1997-12-14T12:00:00Z,201204,5910,4,121.281700,28.088301,6321,632,A,94,kanm,station zero
1997-12-14T13:00:00Z,201205,6110,4,121.281700,28.088301,6321,632,A,94,kanm,station zero
1997-12-14T14:00:00Z,201206,5810,4,121.281700,28.088301,6321,632,A,94,kanm,station zero
1997-12-14T15:00:00Z,201207,4960,4,121.281700,28.088301,6321,632,A,94,kanm,station zero
1997-12-14T16:00:00Z,201208,3720,4,121.281700,28.088301,6321,632,A,94,kanm,station zero
1997-12-14T17:00:00Z,201209,2330,4,121.281700,28.088301,6321,632,A,94,kanm,station zero
1997-12-14T18:00:00Z,201210,1220,4,121.281700,28.088301,6321,632,A,94,kanm,station zero
1997-12-14T19:00:00Z,201211,710,4,121.281700,28.088301,6321,632,A,94,kanm,station zero
1997-12-14T20:00:00Z,201212,897,4,121.281700,28.088301,6321,632,A,94,kanm,station zero
1997-12-14T21:00:00Z,201213,1710,4,121.281700,28.088301,6321,632,A,94,kanm,station zero
1997-12-14T22:00:00Z,201214,2970,4,121.281700,28.088301,6321,632,A,94,kanm,station zero
1997-12-14T23:00:00Z,201215,4420,4,121.281700,28.088301,6321,632,A,94,kanm,station zero
1997-12-15T00:00:00Z,201216,5600,4,121.281700,28.088301,6321,632,A,94,kanm,station zero
1997-12-15T01:00:00Z,201217,6360,4,121.281700,28.088301,6321,632,A,94,kanm,station zero
1997-12-15T02:00:00Z,201218,6520,4,121.281700,28.088301,6321,632,A,94,kanm,station zero
1997-12-15T03:00:00Z,201219,5990,4,121.281700,28.088301,6321,632,A,94,kanm,station zero
1997-12-15T04:00:00Z,201220,5040,4,121.281700,28.088301,6321,632,A,94,kanm,station zero
1997-12-15T05:00:00Z,201221,3820,4,121.281700,28.088301,6321,632,A,94,kanm,station zero
1997-12-15T06:00:00Z,201222,2700,4,121.281700,28.088301,6321,632,A,94,kanm,station zero
1997-12-15T07:00:00Z,201223,1870,4,121.281700,28.088301,6321,632,A,94,kanm,station zero
1997-12-15T08:00:00Z,201224,1840,4,121.281700,28.088301,6321,632,A,94,kanm,station zero
1997-12-15T09:00:00Z,201225,2430,4,121.281700,28.088301,6321,632,A,94,kanm,station zero
1997-12-15T10:00:00Z,201226,3490,4,121.281700,28.088301,6321,632,A,94,kanm,station zero
1997-12-15T11:00:00Z,201227,4590,4,121.281700,28.088301,6321,632,A,94,kanm,station zero
1997-12-15T12:00:00Z,201228,5510,4,121.281700,28.088301,6321,632,A,94,kanm,station zero
1997-12-15T13:00:00Z,201229,6050,4,121.281700,28.088301,6321,632,A,94,kanm,station zero
1997-12-15T14:00:00Z,201230,6020,4,121.281700,28.088301,6321,632,A,94,kanm,station zero
1997-12-15T15:00:00Z,201231,5590,4,121.281700,28.088301,6321,632,A,94,kanm,station zero
1997-12-15T16:00:00Z,201232,4560,4,121.281700,28.088301,6321,632,A,94,kanm,station zero
1997-12-15T17:00:00Z,201233,3300,4,121.281700,28.088301,6321,632,A,94,kanm,station zero
1997-12-15T18:00:00Z,201234,2009,4,121.281700,28.088301,6321,632,A,94,kanm,station zero
1997-12-15T19:00:00Z,201235,1150,4,121.281700,28.088301,6321,632,A,94,kanm,station zero
1997-12-15T20:00:00Z,201236,800,4,121.281700,28.088301,6321,632,A,94,kanm,station zero
1997-12-15T21:00:00Z,201237,1140,4,121.281700,28.088301,6321,632,A,94,kanm,station zero
1997-12-15T22:00:00Z,201238,2280,4,121.281700,28.088301,6321,632,A,94,kanm,station zero
1997-12-15T23:00:00Z,201239,3550,4,121.281700,28.088301,6321,632,A,94,kanm,station zero
1997-12-16T00:00:00Z,201240,4840,4,121.281700,28.088301,6321,632,A,94,kanm,station zero
1997-12-16T01:00:00Z,201241,5890,4,121.281700,28.088301,6321,632,A,94,kanm,station zero
1997-12-16T02:00:00Z,201242,6430,4,121.281700,28.088301,6321,632,A,94,kanm,station zero
1997-12-16T03:00:00Z,201243,6290,4,121.281700,28.088301,6321,632,A,94,kanm,station zero
1997-12-16T04:00:00Z,201244,5700,4,121.281700,28.088301,6321,632,A,94,kanm,station zero
1997-12-16T05:00:00Z,201245,4600,4,121.281700,28.088301,6321,632,A,94,kanm,station zero
1997-12-16T06:00:00Z,201246,3340,4,121.281700,28.088301,6321,632,A,94,kanm,station zero
1997-12-16T07:00:00Z,201247,2310,4,121.281700,28.088301,6321,632,A,94,kanm,station zero
1997-12-16T08:00:00Z,201248,1800,4,121.281700,28.088301,6321,632,A,94,kanm,station zero
1997-12-16T09:00:00Z,201249,1980,4,121.281700,28.088301,6321,632,A,94,kanm,station zero
1997-12-16T10:00:00Z,201250,2740,4,121.281700,28.088301,6321,632,A,94,kanm,station zero
1997-12-16T11:00:00Z,201251,3710,4,121.281700,28.088301,6321,632,A,94,kanm,station zero
1997-12-16T12:00:00Z,201252,4820,4,121.281700,28.088301,6321,632,A,94,kanm,station zero
1997-12-16T13:00:00Z,201253,5650,4,121.281700,28.088301,6321,632,A,94,kanm,station zero
1997-12-16T14:00:00Z,201254,5970,4,121.281700,28.088301,6321,632,A,94,kanm,station zero
1997-12-16T15:00:00Z,201255,5840,4,121.281700,28.088301,6321,632,A,94,kanm,station zero
1997-12-16T16:00:00Z,201256,5150,4,121.281700,28.088301,6321,632,A,94,kanm,station zero
1997-12-16T17:00:00Z,201257,4080,4,121.281700,28.088301,6321,632,A,94,kanm,station zero
1997-12-16T18:00:00Z,201258,2930,4,121.281700,28.088301,6321,632,A,94,kanm,station zero
1997-12-16T19:00:00Z,201259,1760,4,121.281700,28.088301,6321,632,A,94,kanm,station zero
1997-12-16T20:00:00Z,201260,990,4,121.281700,28.088301,6321,632,A,94,kanm,station zero
1997-12-16T21:00:00Z,201261,960,4,121.281700,28.088301,6321,632,A,94,kanm,station zero
1997-12-16T22:00:00Z,201262,1640,4,121.281700,28.088301,6321,632,A,94,kanm,station zero
1997-12-16T23:00:00Z,201263,2760,4,121.281700,28.088301,6321,632,A,94,kanm,station zero
1997-12-17T00:00:00Z,201264,4000,4,121.281700,28.088301,6321,632,A,94,kanm,station zero
1997-12-17T01:00:00Z,201265,5210,4,121.281700,28.088301,6321,632,A,94,kanm,station zero
1997-12-17T02:00:00Z,201266,6070,4,121.281700,28.088301,6321,632,A,94,kanm,station zero
1997-12-17T03:00:00Z,201267,6340,4,121.281700,28.088301,6321,632,A,94,kanm,station zero
1997-12-17T04:00:00Z,201268,6060,4,121.281700,28.088301,6321,632,A,94,kanm,station zero
1997-12-17T05:00:00Z,201269,5320,4,121.281700,28.088301,6321,632,A,94,kanm,station zero
1997-12-17T06:00:00Z,201270,4210,4,121.281700,28.088301,6321,632,A,94,kanm,station zero
1997-12-17T07:00:00Z,201271,3160,4,121.281700,28.088301,6321,632,A,94,kanm,station zero
1997-12-17T08:00:00Z,201272,2300,4,121.281700,28.088301,6321,632,A,94,kanm,station zero
1997-12-17T09:00:00Z,201273,2040,4,121.281700,28.088301,6321,632,A,94,kanm,station zero
1997-12-17T10:00:00Z,201274,2450,4,121.281700,28.088301,6321,632,A,94,kanm,station zero
1997-12-17T11:00:00Z,201275,3240,4,121.281700,28.088301,6321,632,A,94,kanm,station zero
1997-12-17T12:00:00Z,201276,4240,4,121.281700,28.088301,6321,632,A,94,kanm,station zero
1997-12-17T13:00:00Z,201277,5090,4,121.281700,28.088301,6321,632,A,94,kanm,station zero
1997-12-17T14:00:00Z,201278,5810,4,121.281700,28.088301,6321,632,A,94,kanm,station zero
1997-12-17T15:00:00Z,201279,5910,4,121.281700,28.088301,6321,632,A,94,kanm,station zero
1997-12-17T16:00:00Z,201280,5590,4,121.281700,28.088301,6321,632,A,94,kanm,station zero
1997-12-17T17:00:00Z,201281,4850,4,121.281700,28.088301,6321,632,A,94,kanm,station zero
1997-12-17T18:00:00Z,201282,3800,4,121.281700,28.088301,6321,632,A,94,kanm,station zero
1997-12-17T19:00:00Z,201283,2670,4,121.281700,28.088301,6321,632,A,94,kanm,station zero
1997-12-17T20:00:00Z,201284,1710,4,121.281700,28.088301,6321,632,A,94,kanm,station zero
1997-12-17T21:00:00Z,201285,1200,4,121.281700,28.088301,6321,632,A,94,kanm,station zero
1997-12-17T22:00:00Z,201286,1450,4,121.281700,28.088301,6321,632,A,94,kanm,station zero
1997-12-17T23:00:00Z,201287,2260,4,121.281700,28.088301,6321,632,A,94,kanm,station zero
1997-12-18T00:00:00Z,201288,3320,4,121.281700,28.088301,6321,632,A,94,kanm,station zero
1997-12-18T01:00:00Z,201289,4540,4,121.281700,28.088301,6321,632,A,94,kanm,station zero
1997-12-18T02:00:00Z,201290,5500,4,121.281700,28.088301,6321,632,A,94,kanm,station zero
1997-12-18T03:00:00Z,201291,6050,4,121.281700,28.088301,6321,632,A,94,kanm,station zero
1997-12-18T04:00:00Z,201292,6160,4,121.281700,28.088301,6321,632,A,94,kanm,station zero
1997-12-18T05:00:00Z,201293,5750,4,121.281700,28.088301,6321,632,A,94,kanm,station zero
1997-12-18T06:00:00Z,201294,4880,4,121.281700,28.088301,6321,632,A,94,kanm,station zero
1997-12-18T07:00:00Z,201295,3760,4,121.281700,28.088301,6321,632,A,94,kanm,station zero
1997-12-18T08:00:00Z,201296,2810,4,121.281700,28.088301,6321,632,A,94,kanm,station zero
1997-12-18T09:00:00Z,201297,2170,4,121.281700,28.088301,6321,632,A,94,kanm,station zero
1997-12-18T10:00:00Z,201298,2110,4,121.281700,28.088301,6321,632,A,94,kanm,station zero
1997-12-18T11:00:00Z,201299,2680,4,121.281700,28.088301,6321,632,A,94,kanm,station zero
1997-12-18T12:00:00Z,201300,3430,4,121.281700,28.088301,6321,632,A,94,kanm,station zero
1997-12-18T13:00:00Z,201301,4300,4,121.281700,28.088301,6321,632,A,94,kanm,station zero
1997-12-18T14:00:00Z,201302,5010,4,121.281700,28.088301,6321,632,A,94,kanm,station zero
1997-12-18T15:00:00Z,201303,5490,4,121.281700,28.088301,6321,632,A,94,kanm,station zero
1997-12-18T16:00:00Z,201304,5460,4,121.281700,28.088301,6321,632,A,94,kanm,station zero
1997-12-18T17:00:00Z,201305,5050,4,121.281700,28.088301,6321,632,A,94,kanm,station zero
1997-12-18T18:00:00Z,201306,4250,4,121.281700,28.088301,6321,632,A,94,kanm,station zero
1997-12-18T19:00:00Z,201307,3260,4,121.281700,28.088301,6321,632,A,94,kanm,station zero
1997-12-18T20:00:00Z,201308,2230,4,121.281700,28.088301,6321,632,A,94,kanm,station zero
1997-12-18T21:00:00Z,201309,1590,4,121.281700,28.088301,6321,632,A,94,kanm,station zero
1997-12-18T22:00:00Z,201310,1340,4,121.281700,28.088301,6321,632,A,94,kanm,station zero
1997-12-18T23:00:00Z,201311,1760,4,121.281700,28.088301,6321,632,A,94,kanm,station zero
1997-12-19T00:00:00Z,201312,2630,4,121.281700,28.088301,6321,632,A,94,kanm,station zero
1997-12-19T01:00:00Z,201313,3610,4,121.281700,28.088301,6321,632,A,94,kanm,station zero
1997-12-19T02:00:00Z,201314,4680,4,121.281700,28.088301,6321,632,A,94,kanm,station zero
1997-12-19T03:00:00Z,201315,5490,4,121.281700,28.088301,6321,632,A,94,kanm,station zero
1997-12-19T04:00:00Z,201316,5890,4,121.281700,28.088301,6321,632,A,94,kanm,station zero
1997-12-19T05:00:00Z,201317,5790,4,121.281700,28.088301,6321,632,A,94,kanm,station zero
1997-12-19T06:00:00Z,201318,5210,4,121.281700,28.088301,6321,632,A,94,kanm,station zero
1997-12-19T07:00:00Z,201319,4350,4,121.281700,28.088301,6321,632,A,94,kanm,station zero
1997-12-19T08:00:00Z,201320,3340,4,121.281700,28.088301,6321,632,A,94,kanm,station zero
1997-12-19T09:00:00Z,201321,2560,4,121.281700,28.088301,6321,632,A,94,kanm,station zero
1997-12-19T10:00:00Z,201322,2190,4,121.281700,28.088301,6321,632,A,94,kanm,station zero
1997-12-19T11:00:00Z,201323,2370,4,121.281700,28.088301,6321,632,A,94,kanm,station zero
1997-12-19T12:00:00Z,201324,2910,4,121.281700,28.088301,6321,632,A,94,kanm,station zero
1997-12-19T13:00:00Z,201325,3730,4,121.281700,28.088301,6321,632,A,94,kanm,station zero
1997-12-19T14:00:00Z,201326,4530,4,121.281700,28.088301,6321,632,A,94,kanm,station zero
1997-12-19T15:00:00Z,201327,5110,4,121.281700,28.088301,6321,632,A,94,kanm,station zero
1997-12-19T16:00:00Z,201328,5340,4,121.281700,28.088301,6321,632,A,94,kanm,station zero
1997-12-19T17:00:00Z,201329,5200,4,121.281700,28.088301,6321,632,A,94,kanm,station zero
1997-12-19T18:00:00Z,201330,4750,4,121.281700,28.088301,6321,632,A,94,kanm,station zero
1997-12-19T19:00:00Z,201331,4040,4,121.281700,28.088301,6321,632,A,94,kanm,station zero
1997-12-19T20:00:00Z,201332,3120,4,121.281700,28.088301,6321,632,A,94,kanm,station zero
1997-12-19T21:00:00Z,201333,2280,4,121.281700,28.088301,6321,632,A,94,kanm,station zero
1997-12-19T22:00:00Z,201334,1830,4,121.281700,28.088301,6321,632,A,94,kanm,station zero
1997-12-19T23:00:00Z,201335,1830,4,121.281700,28.088301,6321,632,A,94,kanm,station zero
1997-12-20T00:00:00Z,201336,2340,4,121.281700,28.088301,6321,632,A,94,kanm,station zero
1997-12-20T01:00:00Z,201337,3100,4,121.281700,28.088301,6321,632,A,94,kanm,station zero
1997-12-20T02:00:00Z,201338,4120,4,121.281700,28.088301,6321,632,A,94,kanm,station zero
1997-12-20T03:00:00Z,201339,5020,4,121.281700,28.088301,6321,632,A,94,kanm,station zero
1997-12-20T04:00:00Z,201340,5690,4,121.281700,28.088301,6321,632,A,94,kanm,station zero
1997-12-20T05:00:00Z,201341,5820,4,121.281700,28.088301,6321,632,A,94,kanm,station zero
1997-12-20T06:00:00Z,201342,5660,4,121.281700,28.088301,6321,632,A,94,kanm,station zero
1997-12-20T07:00:00Z,201343,5050,4,121.281700,28.088301,6321,632,A,94,kanm,station zero
1997-12-20T08:00:00Z,201344,4210,4,121.281700,28.088301,6321,632,A,94,kanm,station zero
1997-12-20T09:00:00Z,201345,3490,4,121.281700,28.088301,6321,632,A,94,kanm,station zero
1997-12-20T10:00:00Z,201346,2740,4,121.281700,28.088301,6321,632,A,94,kanm,station zero
1997-12-20T11:00:00Z,201347,2650,4,121.281700,28.088301,6321,632,A,94,kanm,station zero
1997-12-20T12:00:00Z,201348,2900,4,121.281700,28.088301,6321,632,A,94,kanm,station zero
1997-12-20T13:00:00Z,201349,3430,4,121.281700,28.088301,6321,632,A,94,kanm,station zero
1997-12-20T14:00:00Z,201350,4080,4,121.281700,28.088301,6321,632,A,94,kanm,station zero
1997-12-20T15:00:00Z,201351,4840,4,121.281700,28.088301,6321,632,A,94,kanm,station zero
1997-12-20T16:00:00Z,201352,5210,4,121.281700,28.088301,6321,632,A,94,kanm,station zero
1997-12-20T17:00:00Z,201353,5350,4,121.281700,28.088301,6321,632,A,94,kanm,station zero
1997-12-20T18:00:00Z,201354,5220,4,121.281700,28.088301,6321,632,A,94,kanm,station zero
1997-12-20T19:00:00Z,201355,4790,4,121.281700,28.088301,6321,632,A,94,kanm,station zero
1997-12-20T20:00:00Z,201356,4080,4,121.281700,28.088301,6321,632,A,94,kanm,station zero
1997-12-20T21:00:00Z,201357,3290,4,121.281700,28.088301,6321,632,A,94,kanm,station zero
1997-12-20T22:00:00Z,201358,2690,4,121.281700,28.088301,6321,632,A,94,kanm,station zero
1997-12-20T23:00:00Z,201359,2360,4,121.281700,28.088301,6321,632,A,94,kanm,station zero
1997-12-21T00:00:00Z,201360,2460,4,121.281700,28.088301,6321,632,A,94,kanm,station zero
1997-12-21T01:00:00Z,201361,2990,4,121.281700,28.088301,6321,632,A,94,kanm,station zero
1997-12-21T02:00:00Z,201362,3670,4,121.281700,28.088301,6321,632,A,94,kanm,station zero
1997-12-21T03:00:00Z,201363,4410,4,121.281700,28.088301,6321,632,A,94,kanm,station zero
1997-12-21T04:00:00Z,201364,5200,4,121.281700,28.088301,6321,632,A,94,kanm,station zero
1997-12-21T05:00:00Z,201365,5680,4,121.281700,28.088301,6321,632,A,94,kanm,station zero
1997-12-21T06:00:00Z,201366,5760,4,121.281700,28.088301,6321,632,A,94,kanm,station zero
1997-12-21T07:00:00Z,201367,5550,4,121.281700,28.088301,6321,632,A,94,kanm,station zero
1997-12-21T08:00:00Z,201368,4900,4,121.281700,28.088301,6321,632,A,94,kanm,station zero
1997-12-21T09:00:00Z,201369,4130,4,121.281700,28.088301,6321,632,A,94,kanm,station zero
1997-12-21T10:00:00Z,201370,3450,4,121.281700,28.088301,6321,632,A,94,kanm,station zero
1997-12-21T11:00:00Z,201371,2910,4,121.281700,28.088301,6321,632,A,94,kanm,station zero
1997-12-21T12:00:00Z,201372,2820,4,121.281700,28.088301,6321,632,A,94,kanm,station zero
1997-12-21T13:00:00Z,201373,3000,4,121.281700,28.088301,6321,632,A,94,kanm,station zero
1997-12-21T14:00:00Z,201374,3420,4,121.281700,28.088301,6321,632,A,94,kanm,station zero
1997-12-21T15:00:00Z,201375,3960,4,121.281700,28.088301,6321,632,A,94,kanm,station zero
1997-12-21T16:00:00Z,201376,4560,4,121.281700,28.088301,6321,632,A,94,kanm,station zero
1997-12-21T17:00:00Z,201377,4970,4,121.281700,28.088301,6321,632,A,94,kanm,station zero
1997-12-21T18:00:00Z,201378,5150,4,121.281700,28.088301,6321,632,A,94,kanm,station zero
1997-12-21T19:00:00Z,201379,5070,4,121.281700,28.088301,6321,632,A,94,kanm,station zero
1997-12-21T20:00:00Z,201380,4690,4,121.281700,28.088301,6321,632,A,94,kanm,station zero
1997-12-21T21:00:00Z,201381,4059,4,121.281700,28.088301,6321,632,A,94,kanm,station zero
1997-12-21T22:00:00Z,201382,3310,4,121.281700,28.088301,6321,632,A,94,kanm,station zero
1997-12-21T23:00:00Z,201383,2840,4,121.281700,28.088301,6321,632,A,94,kanm,station zero
1997-12-22T00:00:00Z,201384,2650,4,121.281700,28.088301,6321,632,A,94,kanm,station zero
1997-12-22T01:00:00Z,201385,2730,4,121.281700,28.088301,6321,632,A,94,kanm,station zero
1997-12-22T02:00:00Z,201386,3130,4,121.281700,28.088301,6321,632,A,94,kanm,station zero
1997-12-22T03:00:00Z,201387,3690,4,121.281700,28.088301,6321,632,A,94,kanm,station zero
1997-12-22T04:00:00Z,201388,4360,4,121.281700,28.088301,6321,632,A,94,kanm,station zero
1997-12-22T05:00:00Z,201389,5000,4,121.281700,28.088301,6321,632,A,94,kanm,station zero
1997-12-22T06:00:00Z,201390,5480,4,121.281700,28.088301,6321,632,A,94,kanm,station zero
1997-12-22T07:00:00Z,201391,5560,4,121.281700,28.088301,6321,632,A,94,kanm,station zero
1997-12-22T08:00:00Z,201392,5290,4,121.281700,28.088301,6321,632,A,94,kanm,station zero
1997-12-22T09:00:00Z,201393,4750,4,121.281700,28.088301,6321,632,A,94,kanm,station zero
1997-12-22T10:00:00Z,201394,3980,4,121.281700,28.088301,6321,632,A,94,kanm,station zero
1997-12-22T11:00:00Z,201395,3300,4,121.281700,28.088301,6321,632,A,94,kanm,station zero
1997-12-22T12:00:00Z,201396,2960,4,121.281700,28.088301,6321,632,A,94,kanm,station zero
1997-12-22T13:00:00Z,201397,2920,4,121.281700,28.088301,6321,632,A,94,kanm,station zero
1997-12-22T14:00:00Z,201398,3000,4,121.281700,28.088301,6321,632,A,94,kanm,station zero
1997-12-22T15:00:00Z,201399,3430,4,121.281700,28.088301,6321,632,A,94,kanm,station zero
1997-12-22T16:00:00Z,201400,3880,4,121.281700,28.088301,6321,632,A,94,kanm,station zero
1997-12-22T17:00:00Z,201401,4440,4,121.281700,28.088301,6321,632,A,94,kanm,station zero
1997-12-22T18:00:00Z,201402,4860,4,121.281700,28.088301,6321,632,A,94,kanm,station zero
1997-12-22T19:00:00Z,201403,5120,4,121.281700,28.088301,6321,632,A,94,kanm,station zero
1997-12-22T20:00:00Z,201404,5070,4,121.281700,28.088301,6321,632,A,94,kanm,station zero
1997-12-22T21:00:00Z,201405,4790,4,121.281700,28.088301,6321,632,A,94,kanm,station zero
1997-12-22T22:00:00Z,201406,4250,4,121.281700,28.088301,6321,632,A,94,kanm,station zero
1997-12-22T23:00:00Z,201407,3620,4,121.281700,28.088301,6321,632,A,94,kanm,station zero
1997-12-23T00:00:00Z,201408,3140,4,121.281700,28.088301,6321,632,A,94,kanm,station zero
1997-12-23T01:00:00Z,201409,2960,4,121.281700,28.088301,6321,632,A,94,kanm,station zero
1997-12-23T02:00:00Z,201410,3020,4,121.281700,28.088301,6321,632,A,94,kanm,station zero
1997-12-23T03:00:00Z,201411,3340,4,121.281700,28.088301,6321,632,A,94,kanm,station zero
1997-12-23T04:00:00Z,201412,3900,4,121.281700,28.088301,6321,632,A,94,kanm,station zero
1997-12-23T05:00:00Z,201413,4390,4,121.281700,28.088301,6321,632,A,94,kanm,station zero
1997-12-23T06:00:00Z,201414,5010,4,121.281700,28.088301,6321,632,A,94,kanm,station zero
1997-12-23T07:00:00Z,201415,5410,4,121.281700,28.088301,6321,632,A,94,kanm,station zero
1997-12-23T08:00:00Z,201416,5580,4,121.281700,28.088301,6321,632,A,94,kanm,station zero
1997-12-23T09:00:00Z,201417,5270,4,121.281700,28.088301,6321,632,A,94,kanm,station zero
1997-12-23T10:00:00Z,201418,4780,4,121.281700,28.088301,6321,632,A,94,kanm,station zero
1997-12-23T11:00:00Z,201419,4080,4,121.281700,28.088301,6321,632,A,94,kanm,station zero
1997-12-23T12:00:00Z,201420,3380,4,121.281700,28.088301,6321,632,A,94,kanm,station zero
1997-12-23T13:00:00Z,201421,2990,4,121.281700,28.088301,6321,632,A,94,kanm,station zero
1997-12-23T14:00:00Z,201422,2840,4,121.281700,28.088301,6321,632,A,94,kanm,station zero
1997-12-23T15:00:00Z,201423,2960,4,121.281700,28.088301,6321,632,A,94,kanm,station zero
1997-12-23T16:00:00Z,201424,3240,4,121.281700,28.088301,6321,632,A,94,kanm,station zero
1997-12-23T17:00:00Z,201425,3780,4,121.281700,28.088301,6321,632,A,94,kanm,station zero
1997-12-23T18:00:00Z,201426,4330,4,121.281700,28.088301,6321,632,A,94,kanm,station zero
1997-12-23T19:00:00Z,201427,4870,4,121.281700,28.088301,6321,632,A,94,kanm,station zero
1997-12-23T20:00:00Z,201428,5140,4,121.281700,28.088301,6321,632,A,94,kanm,station zero
1997-12-23T21:00:00Z,201429,5220,4,121.281700,28.088301,6321,632,A,94,kanm,station zero
1997-12-23T22:00:00Z,201430,5000,4,121.281700,28.088301,6321,632,A,94,kanm,station zero
1997-12-23T23:00:00Z,201431,4540,4,121.281700,28.088301,6321,632,A,94,kanm,station zero
1997-12-24T00:00:00Z,201432,3850,4,121.281700,28.088301,6321,632,A,94,kanm,station zero
1997-12-24T01:00:00Z,201433,3250,4,121.281700,28.088301,6321,632,A,94,kanm,station zero
1997-12-24T02:00:00Z,201434,3000,4,121.281700,28.088301,6321,632,A,94,kanm,station zero
1997-12-24T03:00:00Z,201435,3080,4,121.281700,28.088301,6321,632,A,94,kanm,station zero
1997-12-24T04:00:00Z,201436,3280,4,121.281700,28.088301,6321,632,A,94,kanm,station zero
1997-12-24T05:00:00Z,201437,3770,4,121.281700,28.088301,6321,632,A,94,kanm,station zero
1997-12-24T06:00:00Z,201438,4330,4,121.281700,28.088301,6321,632,A,94,kanm,station zero
1997-12-24T07:00:00Z,201439,4960,4,121.281700,28.088301,6321,632,A,94,kanm,station zero
1997-12-24T08:00:00Z,201440,5380,4,121.281700,28.088301,6321,632,A,94,kanm,station zero
1997-12-24T09:00:00Z,201441,5600,4,121.281700,28.088301,6321,632,A,94,kanm,station zero
1997-12-24T10:00:00Z,201442,5330,4,121.281700,28.088301,6321,632,A,94,kanm,station zero
1997-12-24T11:00:00Z,201443,4810,4,121.281700,28.088301,6321,632,A,94,kanm,station zero
1997-12-24T12:00:00Z,201444,4059,4,121.281700,28.088301,6321,632,A,94,kanm,station zero
1997-12-24T13:00:00Z,201445,3340,4,121.281700,28.088301,6321,632,A,94,kanm,station zero
1997-12-24T14:00:00Z,201446,2750,4,121.281700,28.088301,6321,632,A,94,kanm,station zero
1997-12-24T15:00:00Z,201447,2440,4,121.281700,28.088301,6321,632,A,94,kanm,station zero
1997-12-24T16:00:00Z,201448,2550,4,121.281700,28.088301,6321,632,A,94,kanm,station zero
1997-12-24T17:00:00Z,201449,2870,4,121.281700,28.088301,6321,632,A,94,kanm,station zero
1997-12-24T18:00:00Z,201450,3450,4,121.281700,28.088301,6321,632,A,94,kanm,station zero
1997-12-24T19:00:00Z,201451,4110,4,121.281700,28.088301,6321,632,A,94,kanm,station zero
1997-12-24T20:00:00Z,201452,4800,4,121.281700,28.088301,6321,632,A,94,kanm,station zero
1997-12-24T21:00:00Z,201453,5210,4,121.281700,28.088301,6321,632,A,94,kanm,station zero
1997-12-24T22:00:00Z,201454,5330,4,121.281700,28.088301,6321,632,A,94,kanm,station zero
1997-12-24T23:00:00Z,201455,5140,4,121.281700,28.088301,6321,632,A,94,kanm,station zero
1997-12-25T00:00:00Z,201456,4640,4,121.281700,28.088301,6321,632,A,94,kanm,station zero
1997-12-25T01:00:00Z,201457,3890,4,121.281700,28.088301,6321,632,A,94,kanm,station zero
1997-12-25T02:00:00Z,201458,3210,4,121.281700,28.088301,6321,632,A,94,kanm,station zero
1997-12-25T03:00:00Z,201459,2820,4,121.281700,28.088301,6321,632,A,94,kanm,station zero
1997-12-25T04:00:00Z,201460,2800,4,121.281700,28.088301,6321,632,A,94,kanm,station zero
1997-12-25T05:00:00Z,201461,3040,4,121.281700,28.088301,6321,632,A,94,kanm,station zero
1997-12-25T06:00:00Z,201462,3570,4,121.281700,28.088301,6321,632,A,94,kanm,station zero
1997-12-25T07:00:00Z,201463,4200,4,121.281700,28.088301,6321,632,A,94,kanm,station zero
1997-12-25T08:00:00Z,201464,4920,4,121.281700,28.088301,6321,632,A,94,kanm,station zero
1997-12-25T09:00:00Z,201465,5410,4,121.281700,28.088301,6321,632,A,94,kanm,station zero
1997-12-25T10:00:00Z,201466,5570,4,121.281700,28.088301,6321,632,A,94,kanm,station zero
1997-12-25T11:00:00Z,201467,5310,4,121.281700,28.088301,6321,632,A,94,kanm,station zero
1997-12-25T12:00:00Z,201468,4790,4,121.281700,28.088301,6321,632,A,94,kanm,station zero
1997-12-25T13:00:00Z,201469,3930,4,121.281700,28.088301,6321,632,A,94,kanm,station zero
1997-12-25T14:00:00Z,201470,3080,4,121.281700,28.088301,6321,632,A,94,kanm,station zero
1997-12-25T15:00:00Z,201471,2390,4,121.281700,28.088301,6321,632,A,94,kanm,station zero
1997-12-25T16:00:00Z,201472,2060,4,121.281700,28.088301,6321,632,A,94,kanm,station zero
1997-12-25T17:00:00Z,201473,2180,4,121.281700,28.088301,6321,632,A,94,kanm,station zero
1997-12-25T18:00:00Z,201474,2680,4,121.281700,28.088301,6321,632,A,94,kanm,station zero
1997-12-25T19:00:00Z,201475,3380,4,121.281700,28.088301,6321,632,A,94,kanm,station zero
1997-12-25T20:00:00Z,201476,4180,4,121.281700,28.088301,6321,632,A,94,kanm,station zero
1997-12-25T21:00:00Z,201477,4970,4,121.281700,28.088301,6321,632,A,94,kanm,station zero
1997-12-25T22:00:00Z,201478,5460,4,121.281700,28.088301,6321,632,A,94,kanm,station zero
1997-12-25T23:00:00Z,201479,5590,4,121.281700,28.088301,6321,632,A,94,kanm,station zero
1997-12-26T00:00:00Z,201480,5220,4,121.281700,28.088301,6321,632,A,94,kanm,station zero
1997-12-26T01:00:00Z,201481,4640,4,121.281700,28.088301,6321,632,A,94,kanm,station zero
1997-12-26T02:00:00Z,201482,3810,4,121.281700,28.088301,6321,632,A,94,kanm,station zero
1997-12-26T03:00:00Z,201483,3050,4,121.281700,28.088301,6321,632,A,94,kanm,station zero
1997-12-26T04:00:00Z,201484,2580,4,121.281700,28.088301,6321,632,A,94,kanm,station zero
1997-12-26T05:00:00Z,201485,2540,4,121.281700,28.088301,6321,632,A,94,kanm,station zero
1997-12-26T06:00:00Z,201486,2890,4,121.281700,28.088301,6321,632,A,94,kanm,station zero
1997-12-26T07:00:00Z,201487,3540,4,121.281700,28.088301,6321,632,A,94,kanm,station zero
1997-12-26T08:00:00Z,201488,4240,4,121.281700,28.088301,6321,632,A,94,kanm,station zero
1997-12-26T09:00:00Z,201489,5000,4,121.281700,28.088301,6321,632,A,94,kanm,station zero
1997-12-26T10:00:00Z,201490,5450,4,121.281700,28.088301,6321,632,A,94,kanm,station zero
1997-12-26T11:00:00Z,201491,5570,4,121.281700,28.088301,6321,632,A,94,kanm,station zero
1997-12-26T12:00:00Z,201492,5220,4,121.281700,28.088301,6321,632,A,94,kanm,station zero
1997-12-26T13:00:00Z,201493,4600,4,121.281700,28.088301,6321,632,A,94,kanm,station zero
1997-12-26T14:00:00Z,201494,3670,4,121.281700,28.088301,6321,632,A,94,kanm,station zero
1997-12-26T15:00:00Z,201495,2680,4,121.281700,28.088301,6321,632,A,94,kanm,station zero
1997-12-26T16:00:00Z,201496,1920,4,121.281700,28.088301,6321,632,A,94,kanm,station zero
1997-12-26T17:00:00Z,201497,1610,4,121.281700,28.088301,6321,632,A,94,kanm,station zero
1997-12-26T18:00:00Z,201498,1840,4,121.281700,28.088301,6321,632,A,94,kanm,station zero
1997-12-26T19:00:00Z,201499,2470,4,121.281700,28.088301,6321,632,A,94,kanm,station zero
1997-12-26T20:00:00Z,201500,3440,4,121.281700,28.088301,6321,632,A,94,kanm,station zero
1997-12-26T21:00:00Z,201501,4420,4,121.281700,28.088301,6321,632,A,94,kanm,station zero
1997-12-26T22:00:00Z,201502,5290,4,121.281700,28.088301,6321,632,A,94,kanm,station zero
1997-12-26T23:00:00Z,201503,5780,4,121.281700,28.088301,6321,632,A,94,kanm,station zero
1997-12-27T00:00:00Z,201504,5820,4,121.281700,28.088301,6321,632,A,94,kanm,station zero
1997-12-27T01:00:00Z,201505,5330,4,121.281700,28.088301,6321,632,A,94,kanm,station zero
1997-12-27T02:00:00Z,201506,4560,4,121.281700,28.088301,6321,632,A,94,kanm,station zero
1997-12-27T03:00:00Z,201507,3600,4,121.281700,28.088301,6321,632,A,94,kanm,station zero
1997-12-27T04:00:00Z,201508,2780,4,121.281700,28.088301,6321,632,A,94,kanm,station zero
1997-12-27T05:00:00Z,201509,2280,4,121.281700,28.088301,6321,632,A,94,kanm,station zero
1997-12-27T06:00:00Z,201510,2340,4,121.281700,28.088301,6321,632,A,94,kanm,station zero
1997-12-27T07:00:00Z,201511,2880,4,121.281700,28.088301,6321,632,A,94,kanm,station zero
1997-12-27T08:00:00Z,201512,3700,4,121.281700,28.088301,6321,632,A,94,kanm,station zero
1997-12-27T09:00:00Z,201513,4610,4,121.281700,28.088301,6321,632,A,94,kanm,station zero
1997-12-27T10:00:00Z,201514,5360,4,121.281700,28.088301,6321,632,A,94,kanm,station zero
1997-12-27T11:00:00Z,201515,5720,4,121.281700,28.088301,6321,632,A,94,kanm,station zero
1997-12-27T12:00:00Z,201516,5660,4,121.281700,28.088301,6321,632,A,94,kanm,station zero
1997-12-27T13:00:00Z,201517,5090,4,121.281700,28.088301,6321,632,A,94,kanm,station zero
1997-12-27T14:00:00Z,201518,4230,4,121.281700,28.088301,6321,632,A,94,kanm,station zero
1997-12-27T15:00:00Z,201519,3170,4,121.281700,28.088301,6321,632,A,94,kanm,station zero
1997-12-27T16:00:00Z,201520,2140,4,121.281700,28.088301,6321,632,A,94,kanm,station zero
1997-12-27T17:00:00Z,201521,1320,4,121.281700,28.088301,6321,632,A,94,kanm,station zero
1997-12-27T18:00:00Z,201522,1250,4,121.281700,28.088301,6321,632,A,94,kanm,station zero
1997-12-27T19:00:00Z,201523,1890,4,121.281700,28.088301,6321,632,A,94,kanm,station zero
1997-12-27T20:00:00Z,201524,2720,4,121.281700,28.088301,6321,632,A,94,kanm,station zero
1997-12-27T21:00:00Z,201525,3780,4,121.281700,28.088301,6321,632,A,94,kanm,station zero
1997-12-27T22:00:00Z,201526,4850,4,121.281700,28.088301,6321,632,A,94,kanm,station zero
1997-12-27T23:00:00Z,201527,5710,4,121.281700,28.088301,6321,632,A,94,kanm,station zero
1997-12-28T00:00:00Z,201528,6060,4,121.281700,28.088301,6321,632,A,94,kanm,station zero
1997-12-28T01:00:00Z,201529,5910,4,121.281700,28.088301,6321,632,A,94,kanm,station zero
1997-12-28T02:00:00Z,201530,5290,4,121.281700,28.088301,6321,632,A,94,kanm,station zero
1997-12-28T03:00:00Z,201531,4260,4,121.281700,28.088301,6321,632,A,94,kanm,station zero
1997-12-28T04:00:00Z,201532,3190,4,121.281700,28.088301,6321,632,A,94,kanm,station zero
1997-12-28T05:00:00Z,201533,2390,4,121.281700,28.088301,6321,632,A,94,kanm,station zero
1997-12-28T06:00:00Z,201534,2050,4,121.281700,28.088301,6321,632,A,94,kanm,station zero
1997-12-28T07:00:00Z,201535,2360,4,121.281700,28.088301,6321,632,A,94,kanm,station zero
1997-12-28T08:00:00Z,201536,3100,4,121.281700,28.088301,6321,632,A,94,kanm,station zero
1997-12-28T09:00:00Z,201537,4070,4,121.281700,28.088301,6321,632,A,94,kanm,station zero
1997-12-28T10:00:00Z,201538,5050,4,121.281700,28.088301,6321,632,A,94,kanm,station zero
1997-12-28T11:00:00Z,201539,5760,4,121.281700,28.088301,6321,632,A,94,kanm,station zero
1997-12-28T12:00:00Z,201540,5960,4,121.281700,28.088301,6321,632,A,94,kanm,station zero
1997-12-28T13:00:00Z,201541,5730,4,121.281700,28.088301,6321,632,A,94,kanm,station zero
1997-12-28T14:00:00Z,201542,5010,4,121.281700,28.088301,6321,632,A,94,kanm,station zero
1997-12-28T15:00:00Z,201543,3910,4,121.281700,28.088301,6321,632,A,94,kanm,station zero
1997-12-28T16:00:00Z,201544,2770,4,121.281700,28.088301,6321,632,A,94,kanm,station zero
1997-12-28T17:00:00Z,201545,1760,4,121.281700,28.088301,6321,632,A,94,kanm,station zero
1997-12-28T18:00:00Z,201546,1130,4,121.281700,28.088301,6321,632,A,94,kanm,station zero
1997-12-28T19:00:00Z,201547,1350,4,121.281700,28.088301,6321,632,A,94,kanm,station zero
1997-12-28T20:00:00Z,201548,2110,4,121.281700,28.088301,6321,632,A,94,kanm,station zero
1997-12-28T21:00:00Z,201549,3110,4,121.281700,28.088301,6321,632,A,94,kanm,station zero
1997-12-28T22:00:00Z,201550,4320,4,121.281700,28.088301,6321,632,A,94,kanm,station zero
1997-12-28T23:00:00Z,201551,5430,4,121.281700,28.088301,6321,632,A,94,kanm,station zero
1997-12-29T00:00:00Z,201552,6160,4,121.281700,28.088301,6321,632,A,94,kanm,station zero
1997-12-29T01:00:00Z,201553,6330,4,121.281700,28.088301,6321,632,A,94,kanm,station zero
1997-12-29T02:00:00Z,201554,6000,4,121.281700,28.088301,6321,632,A,94,kanm,station zero
1997-12-29T03:00:00Z,201555,5150,4,121.281700,28.088301,6321,632,A,94,kanm,station zero
1997-12-29T04:00:00Z,201556,4030,4,121.281700,28.088301,6321,632,A,94,kanm,station zero
1997-12-29T05:00:00Z,201557,2940,4,121.281700,28.088301,6321,632,A,94,kanm,station zero
1997-12-29T06:00:00Z,201558,2130,4,121.281700,28.088301,6321,632,A,94,kanm,station zero
1997-12-29T07:00:00Z,201559,1950,4,121.281700,28.088301,6321,632,A,94,kanm,station zero
1997-12-29T08:00:00Z,201560,2470,4,121.281700,28.088301,6321,632,A,94,kanm,station zero
1997-12-29T09:00:00Z,201561,3370,4,121.281700,28.088301,6321,632,A,94,kanm,station zero
1997-12-29T10:00:00Z,201562,4440,4,121.281700,28.088301,6321,632,A,94,kanm,station zero
1997-12-29T11:00:00Z,201563,5400,4,121.281700,28.088301,6321,632,A,94,kanm,station zero
1997-12-29T12:00:00Z,201564,5950,4,121.281700,28.088301,6321,632,A,94,kanm,station zero
1997-12-29T13:00:00Z,201565,5960,4,121.281700,28.088301,6321,632,A,94,kanm,station zero
1997-12-29T14:00:00Z,201566,5580,4,121.281700,28.088301,6321,632,A,94,kanm,station zero
1997-12-29T15:00:00Z,201567,4700,4,121.281700,28.088301,6321,632,A,94,kanm,station zero
1997-12-29T16:00:00Z,201568,3430,4,121.281700,28.088301,6321,632,A,94,kanm,station zero
1997-12-29T17:00:00Z,201569,2170,4,121.281700,28.088301,6321,632,A,94,kanm,station zero
1997-12-29T18:00:00Z,201570,1330,4,121.281700,28.088301,6321,632,A,94,kanm,station zero
1997-12-29T19:00:00Z,201571,920,4,121.281700,28.088301,6321,632,A,94,kanm,station zero
1997-12-29T20:00:00Z,201572,1430,4,121.281700,28.088301,6321,632,A,94,kanm,station zero
1997-12-29T21:00:00Z,201573,2200,4,121.281700,28.088301,6321,632,A,94,kanm,station zero
1997-12-29T22:00:00Z,201574,3520,4,121.281700,28.088301,6321,632,A,94,kanm,station zero
1997-12-29T23:00:00Z,201575,4900,4,121.281700,28.088301,6321,632,A,94,kanm,station zero
1997-12-30T00:00:00Z,201576,5970,4,121.281700,28.088301,6321,632,A,94,kanm,station zero
1997-12-30T01:00:00Z,201577,6530,4,121.281700,28.088301,6321,632,A,94,kanm,station zero
1997-12-30T02:00:00Z,201578,6500,4,121.281700,28.088301,6321,632,A,94,kanm,station zero
1997-12-30T03:00:00Z,201579,5960,4,121.281700,28.088301,6321,632,A,94,kanm,station zero
1997-12-30T04:00:00Z,201580,4940,4,121.281700,28.088301,6321,632,A,94,kanm,station zero
1997-12-30T05:00:00Z,201581,3760,4,121.281700,28.088301,6321,632,A,94,kanm,station zero
1997-12-30T06:00:00Z,201582,2710,4,121.281700,28.088301,6321,632,A,94,kanm,station zero
1997-12-30T07:00:00Z,201583,2060,4,121.281700,28.088301,6321,632,A,94,kanm,station zero
1997-12-30T08:00:00Z,201584,2110,4,121.281700,28.088301,6321,632,A,94,kanm,station zero
1997-12-30T09:00:00Z,201585,2810,4,121.281700,28.088301,6321,632,A,94,kanm,station zero
1997-12-30T10:00:00Z,201586,3930,4,121.281700,28.088301,6321,632,A,94,kanm,station zero
1997-12-30T11:00:00Z,201587,5120,4,121.281700,28.088301,6321,632,A,94,kanm,station zero
1997-12-30T12:00:00Z,201588,5990,4,121.281700,28.088301,6321,632,A,94,kanm,station zero
1997-12-30T13:00:00Z,201589,6280,4,121.281700,28.088301,6321,632,A,94,kanm,station zero
1997-12-30T14:00:00Z,201590,6110,4,121.281700,28.088301,6321,632,A,94,kanm,station zero
1997-12-30T15:00:00Z,201591,5520,4,121.281700,28.088301,6321,632,A,94,kanm,station zero
1997-12-30T16:00:00Z,201592,4360,4,121.281700,28.088301,6321,632,A,94,kanm,station zero
1997-12-30T17:00:00Z,201593,3070,4,121.281700,28.088301,6321,632,A,94,kanm,station zero
1997-12-30T18:00:00Z,201594,1910,4,121.281700,28.088301,6321,632,A,94,kanm,station zero
1997-12-30T19:00:00Z,201595,980,4,121.281700,28.088301,6321,632,A,94,kanm,station zero
1997-12-30T20:00:00Z,201596,930,4,121.281700,28.088301,6321,632,A,94,kanm,station zero
1997-12-30T21:00:00Z,201597,1710,4,121.281700,28.088301,6321,632,A,94,kanm,station zero
1997-12-30T22:00:00Z,201598,2790,4,121.281700,28.088301,6321,632,A,94,kanm,station zero
1997-12-30T23:00:00Z,201599,4000,4,121.281700,28.088301,6321,632,A,94,kanm,station zero
1997-12-31T00:00:00Z,201600,5340,4,121.281700,28.088301,6321,632,A,94,kanm,station zero
1997-12-31T01:00:00Z,201601,6250,4,121.281700,28.088301,6321,632,A,94,kanm,station zero
1997-12-31T02:00:00Z,201602,6630,4,121.281700,28.088301,6321,632,A,94,kanm,station zero
1997-12-31T03:00:00Z,201603,6350,4,121.281700,28.088301,6321,632,A,94,kanm,station zero
1997-12-31T04:00:00Z,201604,5550,4,121.281700,28.088301,6321,632,A,94,kanm,station zero
1997-12-31T05:00:00Z,201605,4340,4,121.281700,28.088301,6321,632,A,94,kanm,station zero
1997-12-31T06:00:00Z,201606,3170,4,121.281700,28.088301,6321,632,A,94,kanm,station zero
1997-12-31T07:00:00Z,201607,2230,4,121.281700,28.088301,6321,632,A,94,kanm,station zero
1997-12-31T08:00:00Z,201608,1890,4,121.281700,28.088301,6321,632,A,94,kanm,station zero
1997-12-31T09:00:00Z,201609,2210,4,121.281700,28.088301,6321,632,A,94,kanm,station zero
1997-12-31T10:00:00Z,201610,3020,4,121.281700,28.088301,6321,632,A,94,kanm,station zero
1997-12-31T11:00:00Z,201611,4130,4,121.281700,28.088301,6321,632,A,94,kanm,station zero
1997-12-31T12:00:00Z,201612,5160,4,121.281700,28.088301,6321,632,A,94,kanm,station zero
1997-12-31T13:00:00Z,201613,5980,4,121.281700,28.088301,6321,632,A,94,kanm,station zero
1997-12-31T14:00:00Z,201614,6170,4,121.281700,28.088301,6321,632,A,94,kanm,station zero
1997-12-31T15:00:00Z,201615,5880,4,121.281700,28.088301,6321,632,A,94,kanm,station zero
