lon,lat,depth_m_chart_datum,enc_cell
134.4901276,7.3970165,12.6,US4TB3P0
134.4902191,7.2809196,27.1,US4TB3P0
134.4902344,7.3264556,21.0,US4TB3P0
134.4903107,7.3749557,13.8,US4TB3P0
134.4903412,7.359097,23.5,US4TB3P0
134.4904022,7.3685193,23.8,US4TB3P0
134.490448,7.3918638,11.5,US4TB3P0
134.4904633,7.3881555,2.1,US4TB3P0
134.4904785,7.3848391,20.9,US4TB3P0
134.4905243,7.2839055,27.6,US4TB3P0
134.4905396,7.3773723,14.5,US4TB3P0
134.4905853,7.4013944,15.0,US4TB3P0
134.4906921,7.3811193,9.5,US4TB3P0
134.4907379,7.2779446,24.6,US4TB3P0
134.4907379,7.2901807,27.2,US4TB3P0
134.4907684,7.2730918,8.2,US4TB3P0
134.490799,7.3802109,4.8,US4TB3P0
134.4908295,7.2848415,28.7,US4TB3P0
134.4908752,7.3835306,17.9,US4TB3P0
134.4911041,7.2787499,25.4,US4TB3P0
134.4911041,7.2946973,27.4,US4TB3P0
134.4912109,7.3763723,12.0,US4TB3P0
134.4912109,7.3885083,18.3,US4TB3P0
134.491272,7.271872,16.1,US4TB3P0
134.4913483,7.328578,15.7,US4TB3P0
134.4913635,7.2865415,39.0,US4TB3P0
134.4913788,7.3342667,15.7,US4TB3P0
134.4914093,7.2985249,12.1,US4TB3P0
134.4914246,7.2918,27.0,US4TB3P0
134.4914246,7.3253331,21.0,US4TB3P0
134.4914398,7.2974277,33.0,US4TB3P0
134.4914398,7.3964305,2.1,US4TB3P0
134.4915466,7.2826085,26.9,US4TB3P0
134.4915619,7.2736416,4.1,US4TB3P0
134.4915619,7.3724113,23.7,US4TB3P0
134.4915924,7.3752999,9.3,US4TB3P0
134.4916382,7.2706084,24.8,US4TB3P0
134.4916687,7.288775,27.8,US4TB3P0
134.4917297,7.3330498,21.0,US4TB3P0
134.4918213,7.2725611,8.7,US4TB3P0
134.4918518,7.3310251,23.0,US4TB3P0
134.4918671,7.2905693,26.2,US4TB3P0
134.4918823,7.2852249,46.0,US4TB3P0
134.4919128,7.2795248,16.4,US4TB3P0
134.4919586,7.4026084,14.2,US4TB3P0
134.492096,7.2774415,28.1,US4TB3P0
134.4922028,7.2760806,28.4,US4TB3P0
134.492218,7.3299694,13.7,US4TB3P0
134.4923554,7.2952194,24.1,US4TB3P0
134.4924011,7.3270502,27.0,US4TB3P0
134.4924164,7.2964501,42.0,US4TB3P0
134.4924316,7.2994137,7.1,US4TB3P0
134.4924316,7.3769946,9.2,US4TB3P0
134.4924469,7.271872,18.3,US4TB3P0
134.4924469,7.368525,27.3,US4TB3P0
134.4924622,7.2733111,7.3,US4TB3P0
134.4925232,7.2843137,28.7,US4TB3P0
134.4925232,7.335525,13.7,US4TB3P0
134.4925232,7.4013224,10.6,US4TB3P0
134.4925537,7.2802501,16.2,US4TB3P0
134.492569,7.4133611,4.4,US4TB3P0
134.4926453,7.3850918,18.6,US4TB3P0
134.4928436,7.3260222,23.0,US4TB3P0
134.4928589,7.3750777,12.9,US4TB3P0
134.4928742,7.2936974,28.6,US4TB3P0
134.4928894,7.3333473,19.7,US4TB3P0
134.4929657,7.3983359,9.6,US4TB3P0
134.4929962,7.331739,19.7,US4TB3P0
134.4929962,7.3779917,11.2,US4TB3P0
134.4931183,7.2871752,29.7,US4TB3P0
134.4931335,7.3826804,18.0,US4TB3P0
134.4931641,7.2895918,29.8,US4TB3P0
134.4931946,7.2740665,15.9,US4TB3P0
134.4932709,7.4152417,1.4,US4TB3P0
134.4934082,7.3996472,11.7,US4TB3P0
134.4934845,7.3274694,10.7,US4TB3P0
134.4934998,7.3711639,9.0,US4TB3P0
134.4935303,7.4136639,2.4,US4TB3P0
134.4935761,7.2821555,25.5,US4TB3P0
134.4936218,7.4019113,8.3,US4TB3P0
134.4936676,7.2728248,18.2,US4TB3P0
134.4936829,7.2702026,70.0,US4TB3P0
134.4937134,7.2794666,27.1,US4TB3P0
134.4938049,7.2808361,24.5,US4TB3P0
134.4938965,7.3834305,19.4,US4TB3P0
134.4939117,7.2779141,24.4,US4TB3P0
134.493927,7.2753,26.1,US4TB3P0
134.493927,7.3007946,6.8,US4TB3P0
134.4939575,7.2995501,12.6,US4TB3P0
134.4940338,7.3250499,19.7,US4TB3P0
134.4940491,7.328753,23.0,US4TB3P0
134.4942017,7.2962389,23.0,US4TB3P0
134.4942627,7.377089,18.4,US4TB3P0
134.4943848,7.4149919,4.2,US4TB3P0
134.4944153,7.3683109,25.2,US4TB3P0
134.4944763,7.3711109,26.8,US4TB3P0
134.4946137,7.2915278,22.9,US4TB3P0
134.4947052,7.2844887,27.1,US4TB3P0
134.494751,7.2883887,26.5,US4TB3P0
134.4947662,7.278914,23.3,US4TB3P0
134.4949188,7.3839722,18.8,US4TB3P0
134.4949493,7.2944946,22.9,US4TB3P0
134.4949493,7.3990307,11.0,US4TB3P0
134.4949951,7.2865944,26.4,US4TB3P0
134.4950256,7.2978697,45.0,US4TB3P0
134.4951019,7.4158778,0.5,US4TB3P0
134.4951477,7.272625,19.6,US4TB3P0
134.4952087,7.2803526,20.2,US4TB3P0
134.495285,7.3008137,7.5,US4TB3P0
134.4953003,7.4022527,8.7,US4TB3P0
134.4953003,7.4040165,4.2,US4TB3P0
134.4955444,7.2828584,23.5,US4TB3P0
134.495575,7.4050026,4.0,US4TB3P0
134.4956055,7.2708082,84.0,US4TB3P0
134.4956207,7.3019419,5.4,US4TB3P0
134.495636,7.2764583,14.9,US4TB3P0
134.4958649,7.2741137,18.9,US4TB3P0
134.4958649,7.3272667,19.7,US4TB3P0
134.4958801,7.3310638,27.0,US4TB3P0
134.496048,7.4144554,1.2,US4TB3P0
134.4960785,7.2988696,47.0,US4TB3P0
134.4961853,7.2911863,25.1,US4TB3P0
134.4963226,7.278564,23.1,US4TB3P0
134.4963379,7.2730165,25.2,US4TB3P0
134.4963532,7.3987474,9.7,US4TB3P0
134.4963684,7.2815113,23.1,US4TB3P0
134.4964905,7.3710332,20.4,US4TB3P0
134.4965973,7.2878666,24.8,US4TB3P0
134.4965973,7.4058723,3.7,US4TB3P0
134.4967041,7.2720637,67.0,US4TB3P0
134.4967651,7.3007555,15.6,US4TB3P0
134.4968262,7.2943196,19.2,US4TB3P0
134.4968567,7.3679442,14.5,US4TB3P0
134.4969025,7.2857919,24.2,US4TB3P0
134.4969025,7.333889,9.3,US4TB3P0
134.4969177,7.2831221,17.7,US4TB3P0
134.4969177,7.2994084,45.0,US4TB3P0
134.4969482,7.3325915,21.0,US4TB3P0
134.4970703,7.2970362,23.4,US4TB3P0
134.4970856,7.2839584,10.6,US4TB3P0
134.4971314,7.2929416,23.4,US4TB3P0
134.4971466,7.2893529,27.3,US4TB3P0
134.4973145,7.2755752,19.2,US4TB3P0
134.4975128,7.4073138,1.7,US4TB3P0
134.4975433,7.2789054,18.2,US4TB3P0
134.4975891,7.2743859,27.1,US4TB3P0
134.4976349,7.3702998,20.8,US4TB3P0
134.4976654,7.2732639,59.0,US4TB3P0
134.4976654,7.3669086,15.6,US4TB3P0
134.4977417,7.3026609,6.4,US4TB3P0
134.4978943,7.2819057,22.1,US4TB3P0
134.4978943,7.3976111,8.1,US4TB3P0
134.4979401,7.294189,22.3,US4TB3P0
134.4980774,7.2957387,24.1,US4TB3P0
134.4980927,7.4086251,1.3,US4TB3P0
134.4981995,7.291564,22.0,US4TB3P0
134.4983215,7.289639,26.5,US4TB3P0
134.4983826,7.3339415,25.0,US4TB3P0
134.4983978,7.2792416,20.9,US4TB3P0
134.4984589,7.3707252,8.8,US4TB3P0
134.4984894,7.2979083,21.9,US4TB3P0
134.4985046,7.2864943,16.5,US4TB3P0
134.4985809,7.3297806,29.0,US4TB3P0
134.4986877,7.2886138,27.0,US4TB3P0
134.4987183,7.2852888,14.9,US4TB3P0
134.4987335,7.2774944,19.4,US4TB3P0
134.4988098,7.2753501,49.0,US4TB3P0
134.4988403,7.3662915,13.9,US4TB3P0
134.4989166,7.2822447,10.4,US4TB3P0
134.4989166,7.3316999,27.0,US4TB3P0
134.4991913,7.2943363,24.1,US4TB3P0
134.4992676,7.3214002,29.0,US4TB3P0
134.4992828,7.2839251,17.5,US4TB3P0
134.4993744,7.2808833,23.0,US4TB3P0
134.4993897,7.2784667,18.6,US4TB3P0
134.4994354,7.2927499,29.9,US4TB3P0
134.499588,7.3347001,23.0,US4TB3P0
134.4996948,7.2703333,238.0,US4TB3P0
134.4997864,7.2872138,6.1,US4TB3P0
134.4998474,7.3002415,22.0,US4TB3P0
134.4998627,7.3329973,29.0,US4TB3P0
134.4998779,7.2975111,21.6,US4TB3P0
134.4998932,7.3028445,23.8,US4TB3P0
134.4999847,7.2796359,10.6,US4TB3P0
134.5000153,7.368597,22.6,US4TB3P0
134.5000458,7.285789,10.6,US4TB3P0
134.5001679,7.2884054,8.0,US4TB3P0
134.5002289,7.2818279,14.6,US4TB3P0
134.5002899,7.2712584,270.0,US4TB3P0
134.5003052,7.2776446,51.0,US4TB3P0
134.5003967,7.2895889,5.0,US4TB3P0
134.500473,7.2989945,20.2,US4TB3P0
134.5006561,7.2960472,18.6,US4TB3P0
134.5007172,7.2865415,13.0,US4TB3P0
134.5007477,7.2809472,17.2,US4TB3P0
134.5007477,7.3307805,29.0,US4TB3P0
134.5007629,7.2849641,19.0,US4TB3P0
134.5008545,7.300561,19.8,US4TB3P0
134.5011292,7.3598056,1.2,US4TB3P0
134.5011749,7.2749,248.0,US4TB3P0
134.5011749,7.292922,25.3,US4TB3P0
134.5012665,7.2817502,14.9,US4TB3P0
134.5012665,7.3039999,7.3,US4TB3P0
134.501358,7.3650112,22.8,US4TB3P0
134.5014801,7.2788749,78.0,US4TB3P0
134.5015411,7.2977696,9.7,US4TB3P0
134.501648,7.3668776,24.9,US4TB3P0
134.50177,7.3017554,18.3,US4TB3P0
134.5019074,7.3339696,21.0,US4TB3P0
134.5019226,7.3581138,0.3,US4TB3P0
134.5020752,7.2843919,14.7,US4TB3P0
134.502243,7.2777638,134.0,US4TB3P0
134.5022736,7.2919221,10.5,US4TB3P0
134.5022736,7.2950583,25.0,US4TB3P0
134.5022888,7.2810416,57.0,US4TB3P0
134.5023346,7.2985249,3.0,US4TB3P0
134.5023956,7.2972279,23.9,US4TB3P0
134.5024109,7.2862721,3.1,US4TB3P0
134.5024262,7.2854166,8.3,US4TB3P0
134.5025635,7.2992749,18.4,US4TB3P0
134.5026856,7.3650947,28.5,US4TB3P0
134.5027924,7.3008862,13.4,US4TB3P0
134.5028534,7.3026252,8.6,US4TB3P0
134.503067,7.3591776,1.2,US4TB3P0
134.5031738,7.3058972,26.5,US4TB3P0
134.5031738,7.3606167,2.5,US4TB3P0
134.5032349,7.3031859,3.1,US4TB3P0
134.5032806,7.296164,29.1,US4TB3P0
134.5033722,7.2837081,95.0,US4TB3P0
134.5034485,7.3575335,1.2,US4TB3P0
134.5035706,7.2846446,70.0,US4TB3P0
134.5036163,7.3634057,30.0,US4TB3P0
134.5036926,7.3584137,4.7,US4TB3P0
134.5037079,7.3342137,19.7,US4TB3P0
134.5037842,7.2942472,24.4,US4TB3P0
134.5040131,7.3260641,25.0,US4TB3P0
134.5041046,7.2975192,23.9,US4TB3P0
134.5041657,7.3004947,12.1,US4TB3P0
134.5041657,7.3076863,14.9,US4TB3P0
134.5041809,7.3028555,16.6,US4TB3P0
134.5044556,7.2808776,259.0,US4TB3P0
134.5044708,7.2879334,7.4,US4TB3P0
134.5046997,7.2860446,69.0,US4TB3P0
134.5047302,7.2930446,19.6,US4TB3P0
134.5047302,7.3614335,26.0,US4TB3P0
134.5047455,7.3642197,1.8,US4TB3P0
134.5047913,7.2986918,10.5,US4TB3P0
134.5048065,7.2915473,13.4,US4TB3P0
134.5050201,7.2891526,3.7,US4TB3P0
134.5050354,7.2962418,25.8,US4TB3P0
134.505127,7.303586,25.6,US4TB3P0
134.5052185,7.3053331,7.2,US4TB3P0
134.5052185,7.3336334,17.7,US4TB3P0
134.5052338,7.2897472,7.5,US4TB3P0
134.5052795,7.3001609,18.9,US4TB3P0
134.5056763,7.301014,23.8,US4TB3P0
134.5056763,7.3599863,32.0,US4TB3P0
134.5058289,7.3020721,11.5,US4TB3P0
134.5058594,7.2881584,15.1,US4TB3P0
134.5059204,7.3054915,2.0,US4TB3P0
134.5059967,7.290164,12.0,US4TB3P0
134.5060577,7.3609638,0.4,US4TB3P0
134.5061646,7.3074555,16.7,US4TB3P0
134.5062561,7.2859082,153.0,US4TB3P0
134.5062561,7.2868972,82.0,US4TB3P0
134.5063171,7.3037863,10.7,US4TB3P0
134.5063324,7.3618112,1.9,US4TB3P0
134.5063782,7.3637891,1.3,US4TB3P0
134.5064087,7.2888861,7.4,US4TB3P0
134.5064087,7.2913666,24.4,US4TB3P0
134.5064392,7.358078,34.0,US4TB3P0
134.5065155,7.2979751,24.1,US4TB3P0
134.506546,7.3597221,5.6,US4TB3P0
134.5066223,7.3013001,18.5,US4TB3P0
134.5066376,7.2797694,337.0,US4TB3P0
134.5066681,7.2895389,3.2,US4TB3P0
134.5068359,7.3046331,3.5,US4TB3P0
134.5069275,7.2961583,25.1,US4TB3P0
134.5070801,7.299253,19.9,US4TB3P0
134.5070953,7.2947831,12.7,US4TB3P0
134.5073547,7.2875776,7.9,US4TB3P0
134.5074463,7.3577418,35.0,US4TB3P0
134.5074768,7.2886972,9.0,US4TB3P0
134.5074768,7.2933612,23.3,US4TB3P0
134.5075378,7.3587027,14.7,US4TB3P0
134.5078125,7.3564444,33.0,US4TB3P0
134.5078888,7.3017221,11.4,US4TB3P0
134.5080109,7.303236,12.7,US4TB3P0
134.5080261,7.2879887,9.7,US4TB3P0
134.5081177,7.2911058,0.1,US4TB3P0
134.5081787,7.2822971,493.0,US4TB3P0
134.5083771,7.2886915,65.0,US4TB3P0
134.5084381,7.2994804,27.9,US4TB3P0
134.5088501,7.2976584,23.9,US4TB3P0
134.5088806,7.357336,14.7,US4TB3P0
134.5090485,7.3011584,23.9,US4TB3P0
134.509079,7.2947445,21.2,US4TB3P0
134.5090942,7.2899637,6.0,US4TB3P0
134.5093994,7.2984419,27.7,US4TB3P0
134.5094299,7.2994194,23.2,US4TB3P0
134.5095673,7.2875276,183.0,US4TB3P0
134.5095978,7.3036752,4.9,US4TB3P0
134.5097351,7.2961474,26.1,US4TB3P0
134.5097809,7.3043666,4.3,US4TB3P0
134.5097809,7.3550944,36.0,US4TB3P0
134.5099182,7.3537278,31.0,US4TB3P0
134.5099487,7.344686,13.9,US4TB3P0
134.5101624,7.302578,22.6,US4TB3P0
134.5102234,7.2888279,111.0,US4TB3P0
134.5102692,7.2991529,25.6,US4TB3P0
134.5103302,7.3413363,10.4,US4TB3P0
134.5103607,7.300303,47.0,US4TB3P0
134.5106201,7.27245,204.0,US4TB3P0
134.5106201,7.2906752,0.6,US4TB3P0
134.5106812,7.3515248,26.0,US4TB3P0
134.5107575,7.3550639,9.7,US4TB3P0
134.5107727,7.2984223,25.0,US4TB3P0
134.5108337,7.3460221,16.7,US4TB3P0
134.5110169,7.2948279,28.0,US4TB3P0
134.5110779,7.3432221,12.0,US4TB3P0
134.511261,7.304872,16.2,US4TB3P0
134.5113068,7.2745833,172.0,US4TB3P0
134.5114899,7.3014221,42.0,US4TB3P0
134.5114899,7.3525944,32.0,US4TB3P0
134.5115509,7.3039918,18.6,US4TB3P0
134.5115662,7.2899084,4.3,US4TB3P0
134.5115814,7.2932749,25.7,US4TB3P0
134.5116425,7.2858667,314.0,US4TB3P0
134.5116882,7.2729998,181.0,US4TB3P0
134.5117035,7.3543363,15.7,US4TB3P0
134.5118103,7.348125,17.5,US4TB3P0
134.5118866,7.3508639,29.0,US4TB3P0
134.5121765,7.3450666,25.0,US4TB3P0
134.5122833,7.2973862,25.5,US4TB3P0
134.5123291,7.2913055,0.4,US4TB3P0
134.5123291,7.2999082,45.0,US4TB3P0
134.5124664,7.2894945,8.1,US4TB3P0
134.5125122,7.2753196,157.0,US4TB3P0
134.5125122,7.3468332,3.9,US4TB3P0
134.512619,7.2881947,185.0,US4TB3P0
134.5127869,7.2818389,477.0,US4TB3P0
134.5128021,7.352025,30.0,US4TB3P0
134.5128937,7.3435669,18.5,US4TB3P0
134.51297,7.3033471,17.2,US4TB3P0
134.5130158,7.3529553,9.7,US4TB3P0
134.5130615,7.3487444,5.5,US4TB3P0
134.5131226,7.3426528,16.6,US4TB3P0
134.5131378,7.3461919,13.7,US4TB3P0
134.5131531,7.2901526,4.6,US4TB3P0
134.5132752,7.2957778,24.6,US4TB3P0
134.513504,7.2916279,0.2,US4TB3P0
134.5135956,7.3468447,11.9,US4TB3P0
134.5137787,7.2902498,8.0,US4TB3P0
134.5138245,7.2759085,134.0,US4TB3P0
134.5140991,7.2994833,21.4,US4TB3P0
134.5140991,7.3484445,30.0,US4TB3P0
134.5141144,7.2936196,0.6,US4TB3P0
134.5141144,7.3024583,22.9,US4TB3P0
134.5141296,7.3409305,14.1,US4TB3P0
134.5141754,7.291564,3.9,US4TB3P0
134.5141907,7.3007083,18.3,US4TB3P0
134.5141907,7.3506193,30.0,US4TB3P0
134.5144501,7.2967305,28.2,US4TB3P0
134.5145721,7.2986527,29.0,US4TB3P0
134.5146942,7.2952113,26.1,US4TB3P0
134.5148926,7.3503833,11.4,US4TB3P0
134.5149384,7.3472834,31.0,US4TB3P0
134.5149841,7.2766833,120.0,US4TB3P0
134.5150604,7.290297,109.0,US4TB3P0
134.5151672,7.3457947,30.0,US4TB3P0
134.515213,7.3042388,17.8,US4TB3P0
134.5152283,7.3396583,14.7,US4TB3P0
134.5153046,7.2847972,365.0,US4TB3P0
134.5153656,7.2915387,7.6,US4TB3P0
134.5154114,7.2974777,31.0,US4TB3P0
134.5155945,7.2996669,36.0,US4TB3P0
134.5156097,7.3057084,21.6,US4TB3P0
134.5156097,7.3420639,34.0,US4TB3P0
134.5156403,7.3009224,36.0,US4TB3P0
134.5157623,7.3446002,17.1,US4TB3P0
134.5157929,7.2922335,4.4,US4TB3P0
134.5158234,7.3436942,4.5,US4TB3P0
134.5159302,7.3030863,24.0,US4TB3P0
134.516037,7.2953553,3.3,US4TB3P0
134.516098,7.2939029,21.6,US4TB3P0
134.5161133,7.3429084,6.1,US4TB3P0
134.5162048,7.3494778,9.9,US4TB3P0
134.5164185,7.2986083,26.9,US4TB3P0
134.5164337,7.3394303,36.0,US4TB3P0
134.5164337,7.3483362,28.0,US4TB3P0
134.5164795,7.2905359,17.2,US4TB3P0
134.5165405,7.2915859,8.1,US4TB3P0
134.516571,7.3424692,15.9,US4TB3P0
134.5166168,7.3019276,14.4,US4TB3P0
134.5166626,7.2890554,135.0,US4TB3P0
134.516861,7.3025889,18.5,US4TB3P0
134.516861,7.3084779,11.7,US4TB3P0
134.5169373,7.2951584,21.9,US4TB3P0
134.516983,7.3433752,30.0,US4TB3P0
134.5170288,7.2930389,13.6,US4TB3P0
134.5170898,7.3376331,37.0,US4TB3P0
134.5171356,7.340703,24.3,US4TB3P0
134.5171967,7.3064084,14.7,US4TB3P0
134.5172119,7.3489609,13.7,US4TB3P0
134.5173798,7.3008418,51.0,US4TB3P0
134.5173798,7.3092637,7.9,US4TB3P0
134.5175171,7.272861,457.0,US4TB3P0
134.5175476,7.2912192,4.3,US4TB3P0
134.5175781,7.2964554,18.1,US4TB3P0
134.5177307,7.3394918,0.1,US4TB3P0
134.5177918,7.2944307,18.6,US4TB3P0
134.5178986,7.3032193,3.4,US4TB3P0
134.5179901,7.2800417,482.0,US4TB3P0
134.5179901,7.3496833,3.6,US4TB3P0
134.5180206,7.2976027,21.1,US4TB3P0
134.5180359,7.2900085,25.2,US4TB3P0
134.5180969,7.3422418,30.0,US4TB3P0
134.5181274,7.2907667,8.2,US4TB3P0
134.5182037,7.3459444,5.2,US4TB3P0
134.5182495,7.2994609,23.9,US4TB3P0
134.5184174,7.2863388,305.0,US4TB3P0
134.5184631,7.3060722,24.1,US4TB3P0
134.5184631,7.3102307,23.9,US4TB3P0
134.5186005,7.3358831,5.6,US4TB3P0
134.5186462,7.3453083,23.8,US4TB3P0
134.5186615,7.3402138,28.0,US4TB3P0
134.5187531,7.2878723,210.0,US4TB3P0
134.5187531,7.2961307,19.7,US4TB3P0
134.5187531,7.3367276,34.0,US4TB3P0
134.5188446,7.2737584,351.0,US4TB3P0
134.5188904,7.3014221,31.0,US4TB3P0
134.5192261,7.2936029,17.0,US4TB3P0
134.5192413,7.3074694,21.8,US4TB3P0
134.5193024,7.294703,28.4,US4TB3P0
134.5193329,7.3457418,11.6,US4TB3P0
134.519455,7.2840276,172.0,US4TB3P0
134.519455,7.3445859,11.8,US4TB3P0
134.5196686,7.3371835,2.9,US4TB3P0
134.5196991,7.3489447,7.6,US4TB3P0
134.5197144,7.2903752,3.7,US4TB3P0
134.5197754,7.2772417,440.0,US4TB3P0
134.5197907,7.3317137,15.7,US4TB3P0
134.5197907,7.3388748,39.0,US4TB3P0
134.5198822,7.33355,44.0,US4TB3P0
134.5198975,7.3417416,33.0,US4TB3P0
134.519928,7.3003779,27.4,US4TB3P0
134.5199432,7.304214,26.6,US4TB3P0
134.5200043,7.3467221,3.5,US4TB3P0
134.5200806,7.3356528,19.7,US4TB3P0
134.5201569,7.2734776,322.0,US4TB3P0
134.5201721,7.3424974,9.7,US4TB3P0
134.5201874,7.3025308,54.0,US4TB3P0
134.5202179,7.2704415,285.0,US4TB3P0
134.5202179,7.2894473,19.4,US4TB3P0
134.5202332,7.3294554,8.1,US4TB3P0
134.5202789,7.2887387,101.0,US4TB3P0
134.5203095,7.3198748,16.7,US4TB3P0
134.52034,7.3377137,34.0,US4TB3P0
134.5205078,7.3485527,6.7,US4TB3P0
134.5205231,7.3450527,4.6,US4TB3P0
134.5205994,7.289989,7.9,US4TB3P0
134.5206604,7.2748942,304.0,US4TB3P0
134.5207214,7.2719998,219.0,US4TB3P0
134.5207977,7.3505859,8.3,US4TB3P0
134.5208435,7.3012471,40.0,US4TB3P0
134.5208588,7.2839193,352.0,US4TB3P0
134.5208893,7.2979331,25.9,US4TB3P0
134.5209045,7.3058109,21.1,US4TB3P0
134.5209351,7.2870445,168.0,US4TB3P0
134.5209503,7.3442335,18.1,US4TB3P0
134.5209808,7.330389,33.0,US4TB3P0
134.5209961,7.2939029,19.4,US4TB3P0
134.5211792,7.3493419,7.3,US4TB3P0
134.5213471,7.3214555,3.6,US4TB3P0
134.5213623,7.3284278,25.0,US4TB3P0
134.5213928,7.3030582,36.0,US4TB3P0
134.5214081,7.3078613,12.4,US4TB3P0
134.5214539,7.3483501,3.6,US4TB3P0
134.5214996,7.3413138,27.5,US4TB3P0
134.5214996,7.3475943,4.2,US4TB3P0
134.5216675,7.305572,40.0,US4TB3P0
134.521759,7.2960362,19.7,US4TB3P0
134.5217743,7.2708526,57.0,US4TB3P0
134.5218201,7.3068166,42.0,US4TB3P0
134.5218658,7.3103724,46.0,US4TB3P0
134.5219879,7.3043027,42.0,US4TB3P0
134.5220184,7.2948585,16.2,US4TB3P0
134.5220184,7.3330112,38.0,US4TB3P0
134.5220337,7.2742834,210.0,US4TB3P0
134.5220795,7.2818112,373.0,US4TB3P0
134.5220795,7.3218026,16.6,US4TB3P0
134.5220947,7.3344555,43.0,US4TB3P0
134.5221252,7.3228111,27.8,US4TB3P0
134.522171,7.2897277,3.4,US4TB3P0
134.522171,7.327239,47.0,US4TB3P0
134.5221863,7.3020859,47.0,US4TB3P0
134.5221863,7.3443942,21.6,US4TB3P0
134.5222168,7.3004084,40.0,US4TB3P0
134.5223389,7.2878389,82.0,US4TB3P0
134.5223541,7.2784581,332.0,US4TB3P0
134.5223846,7.2757835,259.0,US4TB3P0
134.5223846,7.3238502,9.7,US4TB3P0
134.522522,7.2930665,16.6,US4TB3P0
134.5225372,7.3303027,4.3,US4TB3P0
134.5225678,7.348053,1.0,US4TB3P0
134.522583,7.3251305,37.0,US4TB3P0
134.5226135,7.3123026,40.0,US4TB3P0
134.5226898,7.3055472,38.0,US4TB3P0
134.5227356,7.3416944,17.7,US4TB3P0
134.5227509,7.2993279,23.0,US4TB3P0
134.5227966,7.2856779,183.0,US4TB3P0
134.5228119,7.2726831,44.0,US4TB3P0
134.5228119,7.3318248,12.9,US4TB3P0
134.5229034,7.2956581,24.3,US4TB3P0
134.5229034,7.3202581,15.2,US4TB3P0
134.522934,7.3081279,45.0,US4TB3P0
134.5229797,7.3227806,18.6,US4TB3P0
134.5231476,7.3265777,29.0,US4TB3P0
134.5232086,7.3110752,39.0,US4TB3P0
134.5232239,7.3033834,58.0,US4TB3P0
134.5232239,7.3469029,4.2,US4TB3P0
134.5233002,7.3309417,26.0,US4TB3P0
134.5233002,7.334425,12.1,US4TB3P0
134.5233765,7.2734389,38.0,US4TB3P0
134.5233917,7.3011947,42.0,US4TB3P0
134.5234222,7.2884278,8.7,US4TB3P0
134.5234222,7.3448916,25.0,US4TB3P0
134.523468,7.3289499,19.4,US4TB3P0
134.523468,7.3433919,11.8,US4TB3P0
134.5235138,7.3046417,29.0,US4TB3P0
134.5235596,7.3176971,40.0,US4TB3P0
134.5236206,7.281847,313.0,US4TB3P0
134.5236816,7.3235807,21.3,US4TB3P0
134.5237122,7.3095861,47.0,US4TB3P0
134.5237122,7.3483863,9.7,US4TB3P0
134.5237274,7.316103,37.0,US4TB3P0
134.5237579,7.2977724,28.2,US4TB3P0
134.5238342,7.2940002,23.7,US4TB3P0
134.5240173,7.2842917,229.0,US4TB3P0
134.5240479,7.2768025,214.0,US4TB3P0
134.5240479,7.2863917,88.0,US4TB3P0
134.5240479,7.3267446,2.4,US4TB3P0
134.5241089,7.3340054,3.3,US4TB3P0
134.5241242,7.2743807,24.8,US4TB3P0
134.5241394,7.3061805,31.0,US4TB3P0
134.5241394,7.3141418,45.0,US4TB3P0
134.524292,7.3449583,11.7,US4TB3P0
134.5243225,7.3194666,43.0,US4TB3P0
134.5243988,7.3026943,54.0,US4TB3P0
134.5245209,7.349278,2.4,US4TB3P0
134.5245667,7.2751083,34.0,US4TB3P0
134.5246277,7.2759442,143.0,US4TB3P0
134.5246735,7.2790527,229.0,US4TB3P0
134.5247192,7.3101945,14.6,US4TB3P0
134.5248566,7.3257613,8.4,US4TB3P0
134.5248871,7.346489,1.9,US4TB3P0
134.5249176,7.3222919,41.0,US4TB3P0
134.5249481,7.277503,162.0,US4TB3P0
134.5250092,7.308547,33.0,US4TB3P0
134.5250549,7.3065724,36.0,US4TB3P0
134.5250855,7.3383803,4.6,US4TB3P0
134.525238,7.3234444,9.7,US4TB3P0
134.5253143,7.3416057,21.0,US4TB3P0
134.5253449,7.3324666,16.9,US4TB3P0
134.5253449,7.3487973,11.7,US4TB3P0
134.5255432,7.3404388,12.4,US4TB3P0
134.525589,7.2805195,162.0,US4TB3P0
134.525589,7.285161,28.7,US4TB3P0
134.5256043,7.2937307,16.7,US4TB3P0
134.52565,7.2762752,32.0,US4TB3P0
134.52565,7.2861557,27.2,US4TB3P0
134.5257721,7.3046141,53.0,US4TB3P0
134.5258026,7.2823887,153.0,US4TB3P0
134.5258942,7.3374443,27.0,US4TB3P0
134.5259705,7.287075,4.9,US4TB3P0
134.5261536,7.2999859,25.8,US4TB3P0
134.5262299,7.2952056,23.9,US4TB3P0
134.5262756,7.2790027,55.0,US4TB3P0
134.5262756,7.3406,19.6,US4TB3P0
134.5263367,7.2845416,53.0,US4TB3P0
134.5263519,7.3456669,3.3,US4TB3P0
134.526474,7.3413639,7.4,US4TB3P0
134.526535,7.2832751,61.0,US4TB3P0
134.526535,7.2861891,6.6,US4TB3P0
134.5265656,7.2811723,53.0,US4TB3P0
134.5266266,7.2964501,19.8,US4TB3P0
134.5267181,7.3025584,54.0,US4TB3P0
134.5267487,7.3076139,43.0,US4TB3P0
134.5269928,7.308589,13.1,US4TB3P0
134.5271759,7.3333168,15.8,US4TB3P0
134.5272675,7.2959194,15.0,US4TB3P0
134.5273895,7.3454862,11.7,US4TB3P0
134.5274353,7.3443222,21.0,US4TB3P0
134.5274506,7.3406582,25.0,US4TB3P0
134.5279541,7.3004637,53.0,US4TB3P0
134.5280151,7.2977777,27.4,US4TB3P0
134.5280762,7.3048167,47.0,US4TB3P0
134.5281982,7.3389554,29.0,US4TB3P0
134.5282288,7.335578,20.0,US4TB3P0
134.5282898,7.3023028,54.0,US4TB3P0
134.5283661,7.344389,9.7,US4TB3P0
134.5285492,7.3095999,14.9,US4TB3P0
134.5287018,7.308547,54.0,US4TB3P0
134.5289002,7.3061805,54.0,US4TB3P0
134.5289307,7.3363361,17.7,US4TB3P0
134.529129,7.3344555,21.0,US4TB3P0
134.5291443,7.3332834,6.5,US4TB3P0
134.529419,7.3429055,9.7,US4TB3P0
134.529953,7.3025861,56.0,US4TB3P0
134.5299988,7.2956724,17.1,US4TB3P0
134.530014,7.2981167,29.6,US4TB3P0
134.5301666,7.2766056,7.9,US4TB3P0
134.5301971,7.3067498,51.0,US4TB3P0
134.5302124,7.3009915,51.0,US4TB3P0
134.530365,7.3405914,21.0,US4TB3P0
134.5304413,7.3089252,60.0,US4TB3P0
134.5304718,7.2752056,6.1,US4TB3P0
134.5305176,7.338511,1.0,US4TB3P0
134.5305481,7.3046556,43.0,US4TB3P0
134.5305786,7.3330946,8.3,US4TB3P0
134.5305786,7.3345499,19.7,US4TB3P0
134.5308075,7.2795138,8.8,US4TB3P0
134.5315552,7.3353472,17.7,US4TB3P0
134.5315552,7.3398361,9.7,US4TB3P0
134.531601,7.2991109,36.0,US4TB3P0
134.5316925,7.3070612,49.0,US4TB3P0
134.5318298,7.2807808,6.1,US4TB3P0
134.5319367,7.2753501,25.0,US4TB3P0
134.5320587,7.2734165,27.0,US4TB3P0
134.5321198,7.2717276,17.7,US4TB3P0
134.5323486,7.3364029,1.9,US4TB3P0
134.5323944,7.3089528,58.0,US4TB3P0
134.5324249,7.2966862,21.6,US4TB3P0
134.5325165,7.2791891,15.7,US4TB3P0
134.5325165,7.2822166,5.1,US4TB3P0
134.5325775,7.300828,38.0,US4TB3P0
134.5326996,7.277514,23.0,US4TB3P0
134.5327606,7.3384695,2.4,US4TB3P0
134.5327759,7.3355613,1.9,US4TB3P0
134.5329285,7.2865305,8.8,US4TB3P0
134.5331574,7.2920752,16.8,US4TB3P0
134.5332031,7.2738805,5.6,US4TB3P0
134.5332336,7.3072224,42.0,US4TB3P0
134.5332794,7.2989917,49.0,US4TB3P0
134.5333252,7.2805529,21.0,US4TB3P0
134.5334015,7.27285,25.0,US4TB3P0
134.5335388,7.304925,51.0,US4TB3P0
134.5336456,7.2841611,7.0,US4TB3P0
134.5337524,7.2709971,25.0,US4TB3P0
134.5337677,7.2870779,24.2,US4TB3P0
134.5337677,7.3099251,60.0,US4TB3P0
134.5339203,7.2899776,23.8,US4TB3P0
134.5340576,7.2795,29.0,US4TB3P0
134.5341797,7.2823248,21.0,US4TB3P0
134.5342102,7.2855196,24.1,US4TB3P0
134.5342712,7.2957611,13.0,US4TB3P0
134.5343018,7.2756333,23.0,US4TB3P0
134.5345154,7.3031249,43.0,US4TB3P0
134.5345764,7.283989,23.6,US4TB3P0
134.5347595,7.3077641,49.0,US4TB3P0
134.5347748,7.2813916,9.7,US4TB3P0
134.53479,7.3011947,45.0,US4TB3P0
134.5349121,7.2991943,40.0,US4TB3P0
134.5349884,7.310925,62.0,US4TB3P0
134.5350952,7.2725248,29.0,US4TB3P0
134.5351715,7.2794724,17.7,US4TB3P0
134.5352173,7.2740388,21.0,US4TB3P0
134.5353546,7.2931862,26.7,US4TB3P0
134.5354462,7.2768221,29.0,US4TB3P0
134.5355377,7.2710109,21.0,US4TB3P0
134.535553,7.3056002,49.0,US4TB3P0
134.5357361,7.2877336,25.7,US4TB3P0
134.5357361,7.3119111,36.0,US4TB3P0
134.5357513,7.2915306,29.0,US4TB3P0
134.5357971,7.2835279,25.0,US4TB3P0
134.5360413,7.2866612,20.2,US4TB3P0
134.5361328,7.289772,28.8,US4TB3P0
134.5361786,7.2742415,31.0,US4TB3P0
134.5364075,7.3036666,42.0,US4TB3P0
134.536499,7.3002887,51.0,US4TB3P0
134.5365753,7.309289,58.0,US4TB3P0
134.5366974,7.2709165,29.0,US4TB3P0
134.5367584,7.2838669,3.3,US4TB3P0
134.5368195,7.3124919,25.7,US4TB3P0
134.5368195,7.3135891,36.0,US4TB3P0
134.5368347,7.2820139,25.0,US4TB3P0
134.5368805,7.3019109,54.0,US4TB3P0
134.5370789,7.3074665,45.0,US4TB3P0
134.5371857,7.2811222,29.0,US4TB3P0
134.5371857,7.2881084,33.0,US4TB3P0
134.5374603,7.284461,21.0,US4TB3P0
134.5375366,7.2718611,32.0,US4TB3P0
134.5375519,7.283175,25.0,US4TB3P0
134.5376434,7.3108721,64.0,US4TB3P0
134.5377045,7.2970834,31.0,US4TB3P0
134.5377655,7.2944832,26.2,US4TB3P0
134.5378265,7.291286,31.0,US4TB3P0
134.5378723,7.2790389,29.0,US4TB3P0
134.5378723,7.2864447,17.0,US4TB3P0
134.5378723,7.2930417,28.7,US4TB3P0
134.5379944,7.276403,25.0,US4TB3P0
134.5380249,7.3152971,25.4,US4TB3P0
134.5381317,7.3133307,13.2,US4TB3P0
134.538147,7.2854056,19.7,US4TB3P0
134.5382843,7.2959471,34.0,US4TB3P0
134.5384369,7.2899833,28.6,US4TB3P0
134.5386047,7.3053308,49.0,US4TB3P0
134.5386658,7.2872725,1.5,US4TB3P0
134.5387116,7.2703085,34.0,US4TB3P0
134.5387268,7.2826891,31.0,US4TB3P0
134.5387268,7.2990027,43.0,US4TB3P0
134.5387421,7.3086557,43.0,US4TB3P0
134.5387573,7.287961,17.8,US4TB3P0
134.5387573,7.3011112,56.0,US4TB3P0
134.5388184,7.2746611,34.0,US4TB3P0
134.5388641,7.2863221,19.3,US4TB3P0
134.5389404,7.3031001,53.0,US4TB3P0
134.539032,7.3147054,12.2,US4TB3P0
134.5390625,7.2840805,32.0,US4TB3P0
134.5392151,7.2797165,31.0,US4TB3P0
134.5392761,7.3114109,42.0,US4TB3P0
134.5393066,7.2904944,29.9,US4TB3P0
134.5393677,7.2775526,31.0,US4TB3P0
134.5393829,7.2723889,34.0,US4TB3P0
134.5394745,7.2833252,5.6,US4TB3P0
134.5396881,7.2859473,29.0,US4TB3P0
134.5398865,7.2714696,32.0,US4TB3P0
134.539978,7.2871637,17.7,US4TB3P0
134.5400391,7.2980862,31.0,US4TB3P0
134.5400696,7.2824583,29.0,US4TB3P0
134.5401306,7.3073444,42.0,US4TB3P0
134.5402679,7.2730918,36.0,US4TB3P0
134.5403748,7.2722416,17.7,US4TB3P0
134.54039,7.2835002,13.7,US4TB3P0
134.54039,7.2946391,27.0,US4TB3P0
134.5404053,7.299747,45.0,US4TB3P0
134.5404053,7.3130331,65.0,US4TB3P0
134.5405121,7.2809334,31.0,US4TB3P0
134.5406036,7.2885113,27.7,US4TB3P0
134.5407715,7.2912417,28.5,US4TB3P0
134.5407867,7.3107777,58.0,US4TB3P0
134.540802,7.276403,34.0,US4TB3P0
134.540863,7.2704973,34.0,US4TB3P0
134.5409088,7.3048835,51.0,US4TB3P0
134.5409393,7.2855001,32.0,US4TB3P0
134.5410461,7.3024359,53.0,US4TB3P0
134.541153,7.2742138,36.0,US4TB3P0
134.541153,7.2829332,34.0,US4TB3P0
134.5415344,7.2723222,31.0,US4TB3P0
134.541626,7.3137641,49.0,US4TB3P0
134.5417481,7.2902055,21.8,US4TB3P0
134.5419922,7.3084388,45.0,US4TB3P0
134.54216,7.2926526,20.1,US4TB3P0
134.5422669,7.2806363,11.7,US4TB3P0
134.5422974,7.3040333,51.0,US4TB3P0
134.5423279,7.3113971,54.0,US4TB3P0
134.5424194,7.3004637,36.0,US4TB3P0
134.5424652,7.2795668,32.0,US4TB3P0
134.5425263,7.3022194,45.0,US4TB3P0
134.5426178,7.3148861,65.0,US4TB3P0
134.5426483,7.2812696,25.0,US4TB3P0
134.5426636,7.2779861,34.0,US4TB3P0
134.5426941,7.2869887,25.0,US4TB3P0
134.5427551,7.3063974,42.0,US4TB3P0
134.5428467,7.2843919,34.0,US4TB3P0
134.542923,7.2734027,40.0,US4TB3P0
134.542984,7.3129001,51.0,US4TB3P0
134.5429993,7.2885556,31.0,US4TB3P0
134.543045,7.2863526,1.9,US4TB3P0
134.5430603,7.2756195,36.0,US4TB3P0
134.5431824,7.2975307,29.3,US4TB3P0
134.5435486,7.2702527,36.0,US4TB3P0
134.5436707,7.2825666,32.0,US4TB3P0
134.5436707,7.3102222,51.0,US4TB3P0
134.5437927,7.2930331,29.1,US4TB3P0
134.5438232,7.3162918,60.0,US4TB3P0
134.5439301,7.2857585,27.0,US4TB3P0
134.5441895,7.2802696,34.0,US4TB3P0
134.5442505,7.2723613,38.0,US4TB3P0
134.5442658,7.2996836,5.6,US4TB3P0
134.5443268,7.3076277,45.0,US4TB3P0
134.544342,7.2779446,38.0,US4TB3P0
134.5445099,7.3011804,36.0,US4TB3P0
134.5445099,7.3033695,47.0,US4TB3P0
134.5446777,7.2977748,31.0,US4TB3P0
134.5449677,7.3004613,11.7,US4TB3P0
134.5450592,7.2904334,30.0,US4TB3P0
134.5451202,7.313911,51.0,US4TB3P0
134.5452576,7.2947002,29.9,US4TB3P0
134.5453186,7.3098722,42.0,US4TB3P0
134.5453491,7.2705641,36.0,US4TB3P0
134.5453796,7.288353,34.0,US4TB3P0
134.5455322,7.2739167,37.0,US4TB3P0
134.5456543,7.2974224,33.0,US4TB3P0
134.5457001,7.3032332,44.0,US4TB3P0
134.5458527,7.2992168,2.5,US4TB3P0
134.545929,7.3062363,45.0,US4TB3P0
134.5460205,7.2790279,36.0,US4TB3P0
134.546051,7.2822585,36.0,US4TB3P0
134.5462036,7.3194666,50.0,US4TB3P0
134.5463562,7.2960196,4.5,US4TB3P0
134.5465241,7.3008833,44.0,US4TB3P0
134.5470123,7.2979083,28.2,US4TB3P0
134.5470429,7.2719169,32.0,US4TB3P0
134.5475159,7.3153305,64.0,US4TB3P0
134.5475769,7.2923584,27.5,US4TB3P0
134.5475769,7.3112502,56.0,US4TB3P0
134.54776,7.3139,52.0,US4TB3P0
134.5478973,7.2788248,22.0,US4TB3P0
134.5479126,7.3011332,10.5,US4TB3P0
134.5480347,7.3054915,50.0,US4TB3P0
134.5480499,7.2898808,34.0,US4TB3P0
134.5482483,7.2874889,33.0,US4TB3P0
134.5482636,7.3095331,30.0,US4TB3P0
134.5484314,7.2983832,3.7,US4TB3P0
134.5484314,7.3080335,22.1,US4TB3P0
134.5484772,7.2951665,29.0,US4TB3P0
134.549118,7.2961917,4.6,US4TB3P0
134.5492096,7.2744446,14.5,US4TB3P0
134.5493317,7.319211,41.0,US4TB3P0
134.5494232,7.3005223,3.9,US4TB3P0
134.5495453,7.3041415,42.0,US4TB3P0
134.5495758,7.2992473,1.9,US4TB3P0
134.5497742,7.297111,2.4,US4TB3P0
134.5498047,7.3028998,14.7,US4TB3P0
134.5499115,7.3067751,46.0,US4TB3P0
134.5501099,7.3011665,3.3,US4TB3P0
134.5503388,7.3119807,39.0,US4TB3P0
134.5505066,7.303175,15.5,US4TB3P0
134.5506897,7.3053446,36.0,US4TB3P0
134.5506897,7.3102779,46.0,US4TB3P0
134.5509491,7.2859054,35.0,US4TB3P0
134.5510254,7.3080196,42.0,US4TB3P0
134.551239,7.3040333,29.0,US4TB3P0
134.5512695,7.298964,40.0,US4TB3P0
134.5513306,7.3048973,5.7,US4TB3P0
134.5513611,7.2827973,28.0,US4TB3P0
134.5514679,7.3230224,46.0,US4TB3P0
134.5514984,7.3067222,41.0,US4TB3P0
134.5515289,7.3054471,6.8,US4TB3P0
134.5516968,7.3172498,44.0,US4TB3P0
134.551712,7.3028975,29.8,US4TB3P0
134.5517578,7.3210888,66.0,US4TB3P0
134.5518799,7.3144002,43.0,US4TB3P0
134.5522003,7.2902165,36.0,US4TB3P0
134.5523529,7.2961974,15.9,US4TB3P0
134.5525513,7.3020306,38.0,US4TB3P0
134.5527344,7.3133583,38.0,US4TB3P0
134.5529785,7.3225164,32.0,US4TB3P0
134.5530396,7.3098722,42.0,US4TB3P0
134.55336,7.3192058,7.3,US4TB3P0
134.5533905,7.2948556,7.0,US4TB3P0
134.553772,7.2978582,24.0,US4TB3P0
134.5539093,7.3024859,32.0,US4TB3P0
134.5541229,7.3213334,58.0,US4TB3P0
134.5541382,7.3197613,29.4,US4TB3P0
134.5543976,7.3252807,35.0,US4TB3P0
134.5544281,7.3035808,28.7,US4TB3P0
134.5546112,7.323575,34.0,US4TB3P0
134.5554504,7.3082361,53.0,US4TB3P0
134.5557098,7.3056278,11.6,US4TB3P0
134.5559235,7.3024945,34.0,US4TB3P0
134.555954,7.3168197,40.0,US4TB3P0
134.5559845,7.3141556,53.0,US4TB3P0
134.556366,7.3048167,34.0,US4TB3P0
134.556427,7.3110194,41.0,US4TB3P0
134.5565643,7.3253388,30.8,US4TB3P0
134.5566101,7.2986889,32.0,US4TB3P0
134.5569458,7.3242221,28.4,US4TB3P0
134.5575104,7.3013835,31.0,US4TB3P0
134.5577087,7.2998557,27.8,US4TB3P0
134.557724,7.3291221,6.4,US4TB3P0
134.5577393,7.3054724,34.0,US4TB3P0
134.5577698,7.3094721,25.4,US4TB3P0
134.5584717,7.3089666,36.0,US4TB3P0
134.5585785,7.3025308,26.5,US4TB3P0
134.5588226,7.3216529,31.0,US4TB3P0
134.5592957,7.3235278,27.6,US4TB3P0
134.5594635,7.326272,29.3,US4TB3P0
134.559494,7.3244805,26.3,US4TB3P0
134.5595398,7.3146834,37.0,US4TB3P0
134.5597992,7.327672,42.0,US4TB3P0
134.5598145,7.3175335,40.0,US4TB3P0
134.5600128,7.331625,6.9,US4TB3P0
134.5600739,7.2712946,310.0,US4TB3P0
134.5601654,7.3051834,26.5,US4TB3P0
134.5602417,7.3269529,29.7,US4TB3P0
134.5603943,7.312336,29.6,US4TB3P0
134.5607605,7.3196778,28.3,US4TB3P0
134.5610199,7.3095584,23.0,US4TB3P0
134.5612335,7.3127918,40.0,US4TB3P0
134.5614014,7.3107305,3.0,US4TB3P0
134.5618744,7.3334637,6.2,US4TB3P0
134.5619049,7.3284526,26.9,US4TB3P0
134.5619202,7.3260889,29.1,US4TB3P0
134.5620422,7.3210387,32.0,US4TB3P0
134.5621796,7.2771473,420.0,US4TB3P0
134.5622101,7.3101029,15.5,US4TB3P0
134.5622864,7.2982721,3.2,US4TB3P0
134.5623627,7.3307805,23.0,US4TB3P0
134.5625763,7.3228526,24.2,US4TB3P0
134.5626068,7.3242831,28.3,US4TB3P0
134.5629578,7.3342333,6.5,US4TB3P0
134.5631104,7.2970085,13.2,US4TB3P0
134.5631256,7.3356471,5.6,US4TB3P0
134.5632324,7.3148999,49.0,US4TB3P0
134.5632782,7.3109446,29.5,US4TB3P0
134.5633545,7.3126998,23.8,US4TB3P0
134.5634155,7.3304558,25.3,US4TB3P0
134.5638275,7.3344002,13.0,US4TB3P0
134.5639801,7.3373723,6.4,US4TB3P0
134.5640106,7.3188582,44.0,US4TB3P0
134.5640259,7.3263722,26.6,US4TB3P0
134.5644226,7.3288751,27.0,US4TB3P0
134.5646362,7.3392639,6.5,US4TB3P0
134.5647583,7.3119001,25.5,US4TB3P0
134.5648956,7.3137083,29.9,US4TB3P0
134.5649414,7.3311415,24.4,US4TB3P0
134.5650635,7.327672,26.3,US4TB3P0
134.5650635,7.3384304,14.2,US4TB3P0
134.5656586,7.332561,22.6,US4TB3P0
134.566391,7.324553,33.0,US4TB3P0
134.5666199,7.3368611,40.0,US4TB3P0
134.5666809,7.3145056,25.7,US4TB3P0
134.5667572,7.3313694,23.3,US4TB3P0
134.566803,7.3060751,3.7,US4TB3P0
134.5669403,7.2832723,314.0,US4TB3P0
134.5669861,7.3263888,28.7,US4TB3P0
134.567337,7.3184667,36.0,US4TB3P0
134.5674286,7.3337998,29.7,US4TB3P0
134.567627,7.3216167,36.0,US4TB3P0
134.5678864,7.3391724,41.0,US4TB3P0
134.5680542,7.3059692,13.2,US4TB3P0
134.568161,7.3309946,27.2,US4TB3P0
134.5682983,7.3257918,35.0,US4TB3P0
134.5683289,7.3186002,29.3,US4TB3P0
134.5685272,7.3069639,8.0,US4TB3P0
134.568634,7.317111,28.4,US4TB3P0
134.5688019,7.2975168,382.0,US4TB3P0
134.5688477,7.3091998,2.7,US4TB3P0
134.5688477,7.3368974,24.8,US4TB3P0
134.5691376,7.2898808,384.0,US4TB3P0
134.5695953,7.3321443,20.1,US4TB3P0
134.5698395,7.3093529,8.8,US4TB3P0
134.569931,7.3174276,24.5,US4TB3P0
134.5699463,7.3435388,2.7,US4TB3P0
134.5701599,7.3403611,38.0,US4TB3P0
134.5702972,7.3558917,15.7,US4TB3P0
134.5703735,7.3631835,2.4,US4TB3P0
134.5704041,7.3594499,13.7,US4TB3P0
134.5706635,7.3333554,29.4,US4TB3P0
134.570816,7.308486,15.4,US4TB3P0
134.5708313,7.354661,17.7,US4TB3P0
134.5708771,7.335597,25.5,US4TB3P0
134.5709992,7.3118529,2.9,US4TB3P0
134.5710144,7.3039637,325.0,US4TB3P0
134.5710449,7.3202972,29.3,US4TB3P0
134.5715332,7.3234806,35.0,US4TB3P0
134.5715485,7.3445611,14.4,US4TB3P0
134.5716248,7.319428,27.7,US4TB3P0
134.5716858,7.3325863,32.0,US4TB3P0
134.5717468,7.3269415,36.0,US4TB3P0
134.5717926,7.3573499,15.7,US4TB3P0
134.5718689,7.3301859,31.0,US4TB3P0
134.572052,7.3117805,9.8,US4TB3P0
134.5722504,7.3519306,17.7,US4TB3P0
134.5724945,7.3485665,24.0,US4TB3P0
134.5725098,7.3551474,24.0,US4TB3P0
134.5728149,7.3127446,12.5,US4TB3P0
134.5728455,7.3103252,47.0,US4TB3P0
134.572876,7.3142419,3.1,US4TB3P0
134.572876,7.3382416,32.0,US4TB3P0
134.5731659,7.3283916,14.7,US4TB3P0
134.5737,7.3508501,28.0,US4TB3P0
134.5737152,7.3255582,22.1,US4TB3P0
134.5737763,7.331439,33.0,US4TB3P0
134.5738068,7.3143835,6.5,US4TB3P0
134.573822,7.3437696,3.2,US4TB3P0
134.5738831,7.3366556,26.1,US4TB3P0
134.5740051,7.3426724,49.0,US4TB3P0
134.574173,7.3091807,281.0,US4TB3P0
134.574173,7.3346748,35.0,US4TB3P0
134.5744019,7.3239722,33.0,US4TB3P0
134.5744629,7.3431778,12.6,US4TB3P0
134.5748901,7.3228722,26.6,US4TB3P0
134.5750275,7.3345585,26.2,US4TB3P0
134.5751038,7.3315611,27.0,US4TB3P0
134.5752106,7.3169804,3.2,US4TB3P0
134.5752411,7.2792692,826.0,US4TB3P0
134.5752411,7.3439555,2.8,US4TB3P0
134.5753632,7.322053,3.4,US4TB3P0
134.5754547,7.3158832,9.9,US4TB3P0
134.5754547,7.3369083,21.1,US4TB3P0
134.5756073,7.3332443,32.0,US4TB3P0
134.5756683,7.3273196,27.0,US4TB3P0
134.5759888,7.3292971,23.0,US4TB3P0
134.5763245,7.3385916,23.6,US4TB3P0
134.5764008,7.3214641,2.8,US4TB3P0
134.5764923,7.3233419,6.5,US4TB3P0
134.5765991,7.3186665,3.7,US4TB3P0
134.5766907,7.3169947,14.1,US4TB3P0
134.5767975,7.3446279,10.5,US4TB3P0
134.5769501,7.3201499,2.4,US4TB3P0
134.5770111,7.334486,25.6,US4TB3P0
134.5770569,7.3251915,18.8,US4TB3P0
134.5770569,7.3401194,26.4,US4TB3P0
134.5772858,7.324286,4.7,US4TB3P0
134.577301,7.3272529,32.0,US4TB3P0
134.5774078,7.3211832,3.1,US4TB3P0
134.5774078,7.3333612,27.5,US4TB3P0
134.5777283,7.3181748,9.4,US4TB3P0
134.5780182,7.2898002,923.0,US4TB3P0
134.5780792,7.3200889,3.6,US4TB3P0
134.5781403,7.2991943,793.0,US4TB3P0
134.5782013,7.3223805,4.6,US4TB3P0
134.5782166,7.330936,30.2,US4TB3P0
134.5784302,7.3457251,3.2,US4TB3P0
134.5784912,7.3388472,26.2,US4TB3P0
134.5785217,7.3128862,343.0,US4TB3P0
134.578537,7.3247943,7.0,US4TB3P0
134.5786285,7.3358831,31.0,US4TB3P0
134.5788879,7.323411,4.7,US4TB3P0
134.5789948,7.3432946,40.0,US4TB3P0
134.57901,7.3405056,25.1,US4TB3P0
134.5791473,7.3207417,9.4,US4TB3P0
134.5791473,7.3287249,27.6,US4TB3P0
134.5791779,7.3221445,7.4,US4TB3P0
134.5791931,7.3461361,5.8,US4TB3P0
134.5792847,7.3422666,27.3,US4TB3P0
134.5793762,7.3383141,41.0,US4TB3P0
134.579483,7.3338418,26.0,US4TB3P0
134.579834,7.3453641,12.4,US4TB3P0
134.5799255,7.3261166,8.0,US4TB3P0
134.5799408,7.3238416,9.2,US4TB3P0
134.5801239,7.3248248,9.4,US4TB3P0
134.5801392,7.3358946,26.2,US4TB3P0
134.5803528,7.3190889,114.0,US4TB3P0
134.5804291,7.3222418,13.5,US4TB3P0
134.5804901,7.3271279,9.5,US4TB3P0
134.5806732,7.3160749,320.0,US4TB3P0
134.5806732,7.3472529,14.7,US4TB3P0
134.5808868,7.3376002,12.2,US4TB3P0
134.5809479,7.3418694,22.4,US4TB3P0
134.5810547,7.3334999,27.9,US4TB3P0
134.58107,7.3308334,34.0,US4TB3P0
134.5810852,7.346036,29.7,US4TB3P0
134.5811615,7.3483391,4.2,US4TB3P0
134.5812073,7.3286223,27.5,US4TB3P0
134.5814056,7.3357167,12.6,US4TB3P0
134.5814667,7.3246665,9.8,US4TB3P0
134.5815735,7.3447194,24.3,US4TB3P0
134.5817413,7.3372526,16.5,US4TB3P0
134.5819855,7.3235612,12.9,US4TB3P0
134.5820923,7.3392415,29.0,US4TB3P0
134.5822601,7.3271084,16.5,US4TB3P0
134.5823517,7.3357277,15.4,US4TB3P0
134.5824127,7.3412418,46.0,US4TB3P0
134.582489,7.3480611,11.7,US4TB3P0
134.5827332,7.3454557,32.0,US4TB3P0
134.583252,7.3328252,23.9,US4TB3P0
134.5833893,7.3270669,22.2,US4TB3P0
134.5835266,7.329289,12.9,US4TB3P0
134.5835877,7.3361721,17.0,US4TB3P0
134.5836182,7.3343444,18.8,US4TB3P0
134.5837555,7.325489,13.3,US4TB3P0
134.5838013,7.3278723,13.4,US4TB3P0
134.5843048,7.3231835,83.0,US4TB3P0
134.5843658,7.3408918,37.0,US4TB3P0
134.5843811,7.3395166,28.5,US4TB3P0
134.5843964,7.3315363,11.1,US4TB3P0
134.5844574,7.345139,31.0,US4TB3P0
134.5844727,7.3289609,8.2,US4TB3P0
134.5844727,7.3303804,10.2,US4TB3P0
134.5845795,7.3358584,11.2,US4TB3P0
134.58461,7.3479586,12.3,US4TB3P0
134.5848084,7.3271279,11.5,US4TB3P0
134.5848084,7.3469305,24.0,US4TB3P0
134.5848236,7.3368416,14.5,US4TB3P0
134.585144,7.3256168,25.3,US4TB3P0
134.5853424,7.3281112,9.4,US4TB3P0
134.5853424,7.335,16.1,US4TB3P0
134.5853729,7.3379998,24.1,US4TB3P0
134.5856934,7.3296557,6.9,US4TB3P0
134.5857697,7.343153,29.1,US4TB3P0
134.5858307,7.3340221,13.3,US4TB3P0
134.5861816,7.3313417,8.7,US4TB3P0
134.5861969,7.3398833,36.0,US4TB3P0
134.5862732,7.3450556,28.3,US4TB3P0
134.5863648,7.3282499,13.3,US4TB3P0
134.5863953,7.3351526,25.3,US4TB3P0
134.5864563,7.3419805,36.0,US4TB3P0
134.5865021,7.3370638,39.0,US4TB3P0
134.5865936,7.3327751,16.9,US4TB3P0
134.5869446,7.3299332,7.3,US4TB3P0
134.5870667,7.3480363,2.0,US4TB3P0
134.5873108,7.3340139,12.5,US4TB3P0
134.587677,7.3315668,8.9,US4TB3P0
134.5878449,7.3290834,15.6,US4TB3P0
134.5879059,7.3306556,9.4,US4TB3P0
134.58815,7.3414583,34.0,US4TB3P0
134.5882111,7.3269696,74.0,US4TB3P0
134.5883179,7.3236723,384.0,US4TB3P0
134.5886536,7.348403,12.9,US4TB3P0
134.5887146,7.3335695,21.8,US4TB3P0
134.5887146,7.3388085,40.0,US4TB3P0
134.5887604,7.3301945,13.6,US4TB3P0
134.5888062,7.3374443,41.0,US4TB3P0
134.588913,7.3455081,27.7,US4TB3P0
134.5892792,7.3429613,29.6,US4TB3P0
134.5893402,7.340672,42.0,US4TB3P0
134.5894318,7.3318,12.4,US4TB3P0
134.5895691,7.3419471,43.0,US4TB3P0
134.5897064,7.3352137,43.0,US4TB3P0
134.5900421,7.3489332,2.3,US4TB3P0
134.590271,7.3472419,35.0,US4TB3P0
134.5903015,7.3376222,32.0,US4TB3P0
134.5904541,7.3362389,29.9,US4TB3P0
134.5907288,7.3399553,33.0,US4TB3P0
134.5909271,7.3454499,43.0,US4TB3P0
134.5909882,7.3334861,36.0,US4TB3P0
134.5910492,7.3324471,27.1,US4TB3P0
134.5910645,7.3304973,45.0,US4TB3P0
134.5912323,7.3433499,43.0,US4TB3P0
134.5912781,7.3486748,15.2,US4TB3P0
134.5915527,7.3368335,26.4,US4TB3P0
134.5915833,7.3381443,26.9,US4TB3P0
134.5916596,7.341661,43.0,US4TB3P0
134.5918732,7.3344026,33.0,US4TB3P0
134.5919647,7.3462558,38.0,US4TB3P0
134.5923615,7.3447666,34.0,US4TB3P0
134.5924225,7.3356333,24.3,US4TB3P0
134.5927124,7.3402224,33.0,US4TB3P0
134.5930328,7.3328471,68.0,US4TB3P0
134.5931244,7.3385916,25.0,US4TB3P0
134.5932465,7.3492999,15.8,US4TB3P0
134.5934906,7.3366137,18.4,US4TB3P0
134.5935364,7.3414779,37.0,US4TB3P0
134.5935822,7.350625,10.1,US4TB3P0
134.5936432,7.3305917,283.0,US4TB3P0
134.5936737,7.3481445,28.0,US4TB3P0
134.5939026,7.3459168,36.0,US4TB3P0
134.5940094,7.3397918,26.8,US4TB3P0
134.5940857,7.3353224,17.1,US4TB3P0
134.5941925,7.3345027,27.5,US4TB3P0
134.5941925,7.344389,39.0,US4TB3P0
134.5944061,7.3361721,18.1,US4TB3P0
134.594574,7.3423224,42.0,US4TB3P0
134.5947113,7.3510971,13.8,US4TB3P0
134.5950012,7.3493891,27.0,US4TB3P0
134.5950623,7.3529806,2.5,US4TB3P0
134.5951691,7.3523526,8.6,US4TB3P0
134.5953064,7.3240085,608.0,US4TB3P0
134.5953217,7.3540335,2.3,US4TB3P0
134.5954132,7.336453,24.9,US4TB3P0
134.5955811,7.3464446,34.0,US4TB3P0
134.5958099,7.3449445,32.0,US4TB3P0
134.5958099,7.3494859,40.0,US4TB3P0
134.5958862,7.3378139,21.9,US4TB3P0
134.5960388,7.3434334,34.0,US4TB3P0
134.5960541,7.3400445,25.5,US4TB3P0
134.5960693,7.3544526,7.2,US4TB3P0
134.5964356,7.3351336,82.0,US4TB3P0
134.5965881,7.353075,15.0,US4TB3P0
134.5967255,7.3413,26.9,US4TB3P0
134.5967865,7.3733835,37.0,US4TB3P0
134.5968933,7.3389721,22.9,US4TB3P0
134.5970764,7.3473806,31.0,US4TB3P0
134.5972595,7.3496919,33.0,US4TB3P0
134.5973511,7.3455749,30.7,US4TB3P0
134.5977478,7.3433666,28.6,US4TB3P0
134.5977631,7.3482666,35.0,US4TB3P0
134.5979767,7.3405805,23.6,US4TB3P0
134.5984039,7.333714,407.0,US4TB3P0
134.5987244,7.3748446,58.0,US4TB3P0
134.5987549,7.3464308,29.2,US4TB3P0
134.5988312,7.3553085,22.0,US4TB3P0
134.5990448,7.3413973,21.8,US4TB3P0
134.5990753,7.3507223,31.0,US4TB3P0
134.5990906,7.3427944,26.4,US4TB3P0
134.5991211,7.3477001,34.0,US4TB3P0
134.599411,7.344697,32.0,US4TB3P0
134.5996552,7.3468084,19.3,US4TB3P0
134.5997925,7.3396001,36.0,US4TB3P0
134.5998077,7.3405695,26.2,US4TB3P0
134.5999451,7.3526778,27.6,US4TB3P0
134.6001587,7.3740196,61.0,US4TB3P0
134.6002197,7.3689637,25.0,US4TB3P0
134.6002655,7.3417945,21.5,US4TB3P0
134.600647,7.3730474,60.0,US4TB3P0
134.6008301,7.3475919,29.0,US4TB3P0
134.6008453,7.3428445,26.5,US4TB3P0
134.6010895,7.3465724,14.3,US4TB3P0
134.6011353,7.3449612,24.7,US4TB3P0
134.6012116,7.3509498,34.0,US4TB3P0
134.6013184,7.3545804,29.0,US4TB3P0
134.6013641,7.3490863,37.0,US4TB3P0
134.6018677,7.3681946,25.0,US4TB3P0
134.601944,7.3397002,84.0,US4TB3P0
134.6019592,7.3468666,9.4,US4TB3P0
134.6021423,7.3500166,22.2,US4TB3P0
134.6022034,7.3458056,12.1,US4TB3P0
134.6022492,7.3447585,16.0,US4TB3P0
134.6023407,7.3583498,35.0,US4TB3P0
134.6023865,7.3602305,9.9,US4TB3P0
134.602478,7.3487945,27.6,US4TB3P0
134.6026154,7.3746419,58.0,US4TB3P0
134.6026306,7.3650279,19.7,US4TB3P0
134.6026917,7.3435669,27.7,US4TB3P0
134.6027222,7.3478112,9.6,US4TB3P0
134.6027374,7.342361,35.0,US4TB3P0
134.6028748,7.35115,27.4,US4TB3P0
134.6030579,7.3697224,26.0,US4TB3P0
134.6032715,7.363636,37.0,US4TB3P0
134.6032867,7.3469167,9.7,US4TB3P0
134.6032867,7.3720331,26.0,US4TB3P0
134.6033173,7.3453002,17.9,US4TB3P0
134.6033173,7.3532972,28.0,US4TB3P0
134.6035156,7.3483362,9.4,US4TB3P0
134.6035309,7.3493471,19.7,US4TB3P0
134.6040649,7.3473887,12.1,US4TB3P0
134.6041565,7.3359027,548.0,US4TB3P0
134.6041565,7.3462582,15.1,US4TB3P0
134.6042023,7.3511915,15.1,US4TB3P0
134.6042328,7.3438749,34.0,US4TB3P0
134.6044006,7.3292251,850.0,US4TB3P0
134.6044006,7.3579168,33.0,US4TB3P0
134.6044312,7.3448582,26.2,US4TB3P0
134.6045075,7.3659196,26.0,US4TB3P0
134.6045685,7.3616362,49.0,US4TB3P0
134.6045837,7.3746419,38.0,US4TB3P0
134.6047516,7.3413887,114.0,US4TB3P0
134.6048279,7.3522387,27.2,US4TB3P0
134.6049042,7.3685584,29.0,US4TB3P0
134.6049347,7.3530779,15.5,US4TB3P0
134.6049805,7.3542137,30.0,US4TB3P0
134.6049957,7.3494029,7.2,US4TB3P0
134.6051636,7.348136,9.2,US4TB3P0
134.6054535,7.3506475,17.7,US4TB3P0
134.6056213,7.3463388,26.0,US4TB3P0
134.6057587,7.352253,14.1,US4TB3P0
134.606247,7.3478251,16.4,US4TB3P0
134.6064148,7.3578224,37.0,US4TB3P0
134.6068268,7.3593779,34.0,US4TB3P0
134.6075592,7.3651471,37.0,US4TB3P0
134.6075745,7.3482943,25.0,US4TB3P0
134.6077271,7.3462696,44.0,US4TB3P0
134.6079102,7.3682084,31.0,US4TB3P0
134.608017,7.3740859,27.0,US4TB3P0
134.608078,7.3414307,471.0,US4TB3P0
134.6103363,7.3491197,48.0,US4TB3P0
134.6107941,7.3527722,9.5,US4TB3P0
134.6109467,7.3691669,23.0,US4TB3P0
134.6111755,7.346364,426.0,US4TB3P0
134.611618,7.3657446,28.0,US4TB3P0
134.6119385,7.3731804,30.0,US4TB3P0
134.6122437,7.36795,29.0,US4TB3P0
134.6128845,7.3351998,879.0,US4TB3P0
134.6135559,7.3516054,54.0,US4TB3P0
134.614563,7.3730335,24.0,US4TB3P0
134.6151733,7.3711529,27.0,US4TB3P0
134.6155396,7.3542695,33.0,US4TB3P0
134.6164398,7.349864,550.0,US4TB3P0
134.6194,7.3407664,811.0,US4TB3P0
134.6215363,7.3535943,477.0,US4TB3P0
134.6235352,7.3607168,50.0,US4TB3P0
134.6256104,7.3652306,81.0,US4TB3P0
134.4963074,7.3287945,32.0,US4TB3P0
134.4966431,7.3222113,34.0,US4TB3P0
134.4966431,7.3256974,34.0,US4TB3P0
134.4967804,7.324564,38.0,US4TB3P0
134.4984436,7.3223472,31.0,US4TB3P0
134.5009155,7.3287668,34.0,US4TB3P0
134.5010834,7.3257527,32.0,US4TB3P0
134.5013733,7.3271861,36.0,US4TB3P0
134.5022125,7.3239555,32.0,US4TB3P0
134.5028839,7.3329306,31.0,US4TB3P0
134.5029755,7.3266859,32.0,US4TB3P0
134.5030518,7.3307667,34.0,US4TB3P0
134.5041046,7.328064,34.0,US4TB3P0
134.5061493,7.3286166,36.0,US4TB3P0
134.5065613,7.331564,32.0,US4TB3P0
134.5263214,7.3392668,32.0,US4TB3P0
134.5441437,7.3054915,53.0,US4TB3P0
134.5583038,7.3224554,54.0,US4TB3P0
134.5760193,7.341836,58.0,US4TB3P0
134.5321808,7.3030472,45.0,US4TB3P0
134.54599,7.2756639,27.0,US4TB3P0
134.54599,7.3171887,77.0,US4TB3P0
134.5461273,7.3125944,54.0,US4TB3P0
134.5463867,7.3080001,53.0,US4TB3P0
134.5465241,7.2772722,38.0,US4TB3P0
134.5467682,7.2854805,32.0,US4TB3P0
134.546814,7.2895026,32.0,US4TB3P0
134.5471802,7.3183332,58.0,US4TB3P0
134.5473938,7.3202086,25.0,US4TB3P0
134.5474091,7.303175,40.0,US4TB3P0
134.5477753,7.2813139,32.0,US4TB3P0
134.5479126,7.2999249,34.0,US4TB3P0
134.5480194,7.2937083,32.0,US4TB3P0
134.5489044,7.3021054,7.9,US4TB3P0
134.5492401,7.3084998,40.0,US4TB3P0
134.5493469,7.2768807,27.0,US4TB3P0
134.5493927,7.2791419,0.6,US4TB3P0
134.54953,7.3137026,69.0,US4TB3P0
134.5495453,7.2843528,32.0,US4TB3P0
134.5495758,7.316339,49.0,US4TB3P0
134.5496063,7.3059444,30.0,US4TB3P0
134.5496521,7.2813249,31.0,US4TB3P0
134.5497589,7.3214359,49.0,US4TB3P0
134.54982,7.2882471,34.0,US4TB3P0
134.5501709,7.2914639,36.0,US4TB3P0
134.5509338,7.2940583,8.3,US4TB3P0
134.5513458,7.318922,38.0,US4TB3P0
134.5522919,7.30655,5.6,US4TB3P0
134.5526886,7.3053889,7.4,US4TB3P0
134.5531616,7.2928138,47.0,US4TB3P0
134.5533905,7.2863665,25.0,US4TB3P0
134.5535584,7.2892332,38.0,US4TB3P0
134.5535736,7.3085389,51.0,US4TB3P0
134.5536499,7.2985582,32.0,US4TB3P0
134.5537262,7.3156915,38.0,US4TB3P0
134.5538483,7.3009472,36.0,US4TB3P0
134.5538483,7.3115945,40.0,US4TB3P0
134.5544586,7.3061194,31.0,US4TB3P0
134.5553131,7.2738223,9.7,US4TB3P0
134.5553742,7.2702999,13.7,US4TB3P0
134.555603,7.2871113,13.7,US4TB3P0
134.555603,7.2962055,32.0,US4TB3P0
134.5558624,7.2928972,36.0,US4TB3P0
134.5565491,7.3064861,15.7,US4TB3P0
134.5567017,7.2795196,11.7,US4TB3P0
134.5567627,7.2894888,19.7,US4TB3P0
134.5571137,7.3194084,38.0,US4TB3P0
134.5574036,7.3155141,38.0,US4TB3P0
134.5576325,7.2957306,19.7,US4TB3P0
134.5581818,7.3123808,38.0,US4TB3P0
134.5583038,7.310678,34.0,US4TB3P0
134.5588989,7.2831359,15.7,US4TB3P0
134.5595703,7.329011,34.0,US4TB3P0
134.5595856,7.307147,25.0,US4TB3P0
134.5612183,7.3139195,34.0,US4TB3P0
134.561264,7.3223362,47.0,US4TB3P0
134.561676,7.3173361,45.0,US4TB3P0
134.5619202,7.285089,9.7,US4TB3P0
134.5630646,7.2895331,9.7,US4TB3P0
134.5635376,7.2931137,7.4,US4TB3P0
134.5644074,7.3245778,29.0,US4TB3P0
134.5647125,7.3018804,15.7,US4TB3P0
134.5652924,7.3166609,40.0,US4TB3P0
134.565445,7.3208637,40.0,US4TB3P0
134.5671234,7.3047862,11.7,US4TB3P0
134.5672607,7.3280778,32.0,US4TB3P0
134.5688629,7.3245611,31.0,US4TB3P0
134.568985,7.3414917,27.0,US4TB3P0
134.5690155,7.3566332,9.7,US4TB3P0
134.569519,7.3586001,9.7,US4TB3P0
134.5701752,7.3293419,36.0,US4TB3P0
134.570221,7.3610697,5.6,US4TB3P0
134.5706482,7.3647862,0.1,US4TB3P0
134.5714722,7.3228025,34.0,US4TB3P0
134.5718994,7.3535113,19.7,US4TB3P0
134.5723724,7.3469029,29.0,US4TB3P0
134.5726471,7.3401861,34.0,US4TB3P0
134.5729523,7.3503361,23.0,US4TB3P0
134.5740051,7.356689,8.3,US4TB3P0
134.5748138,7.3397389,45.0,US4TB3P0
134.5827026,7.3206277,78.0,US4TB3P0
134.5840302,7.3429556,62.0,US4TB3P0
134.5881348,7.3396859,42.0,US4TB3P0
134.5883331,7.3356586,47.0,US4TB3P0
134.5896149,7.3277807,96.0,US4TB3P0
134.5904846,7.3344808,42.0,US4TB3P0
134.5951538,7.3754501,6.5,US4TB3P0
134.5978851,7.3758473,56.0,US4TB3P0
134.5982666,7.3714418,21.0,US4TB3P0
134.5994263,7.3789554,54.0,US4TB3P0
134.6009827,7.3573499,32.0,US4TB3P0
134.6012573,7.3668499,21.0,US4TB3P0
134.6013489,7.3724251,34.0,US4TB3P0
134.6026611,7.3763471,64.0,US4TB3P0
134.6027527,7.361825,3.8,US4TB3P0
134.6030884,7.3674612,3.3,US4TB3P0
134.6032867,7.356689,32.0,US4TB3P0
134.6041107,7.3600278,29.0,US4TB3P0
134.6046906,7.3710861,7.4,US4TB3P0
134.6057587,7.3432002,78.0,US4TB3P0
134.6060638,7.3635807,31.0,US4TB3P0
134.6061859,7.3679915,19.7,US4TB3P0
134.6064606,7.3723359,1.9,US4TB3P0
134.607193,7.3504725,17.7,US4TB3P0
134.6073914,7.3447137,76.0,US4TB3P0
134.6077728,7.3761277,27.0,US4TB3P0
134.6079712,7.3608279,27.0,US4TB3P0
134.6091461,7.3636527,27.0,US4TB3P0
134.6095886,7.3508973,11.7,US4TB3P0
134.6100311,7.3667555,31.0,US4TB3P0
134.6103058,7.3714776,25.0,US4TB3P0
134.6123352,7.379714,5.6,US4TB3P0
134.6128235,7.3546138,13.7,US4TB3P0
134.6128388,7.3708363,29.0,US4TB3P0
134.6131744,7.3751721,32.0,US4TB3P0
134.6163025,7.374114,6.1,US4TB3P0
134.6167908,7.3573585,13.7,US4TB3P0
134.6198883,7.3572946,32.0,US4TB3P0
134.6198883,7.3596721,17.7,US4TB3P0
134.6222687,7.3634834,7.0,US4TB3P0
134.6252289,7.3681445,9.3,US4TB3P0
134.5913239,7.2852221,914.0,US4TB3P0
134.5978699,7.3042026,914.0,US4TB3P0
134.6124115,7.3183665,914.0,US4TB3P0
134.5733643,7.3416863,62.0,US4TB3P0
